user_id,timestamp,item_id,category,price,quantity,city
22,2025-03-07 15:41,E22,beauty,1227,1,Perm
45,2025-03-19 20:27,Q77,auto,98,1,Kazan
37,2025-03-04 14:55,B07,books,1435,1,Rostov
52,2025-03-16 23:39,Q77,auto,630,1,Kazan
69,2025-03-06 10:52,E22,beauty,1248,4,Novosibirsk
76,2025-03-01 21:26,A13,electronics,27,3,Samara
69,2025-03-02 00:52,G10,garden,977,3,Perm
67,2025-03-17 15:21,B07,books,492,3,Novosibirsk
74,2025-03-06 05:08,Q77,auto,672,2,SPB
69,2025-03-12 15:20,D14,toys,80,4,Moscow
53,2025-03-20 21:21,B07,books,661,4,Novosibirsk
62,2025-03-10 07:09,H55,kids,1104,1,Moscow
79,2025-03-03 10:08,E22,beauty,1256,1,Perm
48,2025-03-01 20:38,B07,books,222,1,Perm
2,2025-03-07 22:40,A13,electronics,790,2,Ufa
77,2025-03-01 16:49,C02,sport,124,2,Kazan
18,2025-03-05 18:05,D14,toys,640,3,Novosibirsk
73,2025-03-17 00:40,F99,home,1066,5,SPB
56,2025-03-16 05:58,F99,home,961,2,Novosibirsk
53,2025-03-16 11:58,F99,home,622,4,Perm
4,2025-03-13 15:26,F99,home,316,5,Rostov
64,2025-03-12 11:56,Q77,auto,1466,3,SPB
22,2025-03-02 14:24,E22,beauty,353,1,Ufa
63,2025-03-20 20:46,Q77,auto,458,3,Ekaterinburg
42,2025-03-20 07:01,D14,toys,148,3,Novosibirsk
2,2025-03-07 02:11,D14,toys,394,1,Samara
20,2025-03-11 06:37,H55,kids,1480,2,Ekaterinburg
44,2025-03-10 06:08,D14,toys,784,4,Rostov
1,2025-03-01 22:02,A13,electronics,663,3,Rostov
64,2025-03-03 00:41,G10,garden,1121,3,Novosibirsk
24,2025-03-15 22:46,F99,home,345,2,Rostov
13,2025-03-08 15:49,H55,kids,1482,1,Ufa
21,2025-03-07 01:46,H55,kids,1039,5,SPB
45,2025-03-06 18:43,H55,kids,1146,3,Rostov
15,2025-03-01 09:42,H55,kids,1010,1,Rostov
18,2025-03-13 22:23,C02,sport,111,3,Kazan
70,2025-03-17 14:53,Q77,auto,1326,2,Novosibirsk
26,2025-03-11 07:51,D14,toys,1006,5,Rostov
40,2025-03-20 03:40,B07,books,136,4,Samara
49,2025-03-16 07:55,C02,sport,900,5,Ekaterinburg
4,2025-03-10 12:05,A13,electronics,993,4,Ekaterinburg
26,2025-03-01 22:35,C02,sport,647,2,Kazan
73,2025-03-17 20:07,A13,electronics,124,3,Rostov
95,2025-03-04 21:33,D14,toys,1066,3,Novosibirsk
49,2025-03-21 05:11,D14,toys,111,1,Novosibirsk
42,2025-03-09 11:30,Q77,auto,88,3,Novosibirsk
10,2025-03-03 05:24,A13,electronics,1156,3,Moscow
86,2025-03-11 17:52,G10,garden,59,3,SPB
81,2025-03-14 04:29,D14,toys,1097,1,SPB
66,2025-03-09 15:59,D14,toys,507,3,SPB
53,2025-03-06 06:11,A13,electronics,1182,4,Novosibirsk
95,2025-03-09 12:14,Q77,auto,354,4,Ufa
100,2025-03-21 00:00,G10,garden,25,2,Perm
16,2025-03-03 10:30,E22,beauty,1026,4,Kazan
69,2025-03-05 14:15,C02,sport,356,2,Ufa
17,2025-03-15 07:45,Q77,auto,568,1,Novosibirsk
11,2025-03-18 17:19,E22,beauty,417,5,Rostov
60,2025-03-14 21:20,B07,books,1387,4,Perm
62,2025-03-17 21:50,H55,kids,642,4,Samara
16,2025-03-03 15:13,C02,sport,581,4,Rostov
29,2025-03-08 11:36,G10,garden,1236,1,Novosibirsk
86,2025-03-03 18:44,C02,sport,1310,1,Moscow
50,2025-03-09 12:30,C02,sport,872,2,Moscow
67,2025-03-10 02:17,H55,kids,319,5,Ufa
28,2025-03-11 13:06,G10,garden,283,3,Rostov
32,2025-03-16 19:55,A13,electronics,1341,3,SPB
45,2025-03-18 14:32,C02,sport,682,3,Novosibirsk
32,2025-03-02 15:06,Q77,auto,150,1,Samara
37,2025-03-08 13:46,H55,kids,104,5,SPB
65,2025-03-14 19:15,D14,toys,906,4,SPB
77,2025-03-18 02:43,Q77,auto,905,5,Ufa
78,2025-03-15 08:19,E22,beauty,1235,5,Kazan
23,2025-03-18 16:59,F99,home,1131,4,Novosibirsk
66,2025-03-10 03:07,B07,books,54,2,Kazan
65,2025-03-15 15:17,H55,kids,1431,1,Kazan
88,2025-03-07 01:45,Q77,auto,346,2,Perm
90,2025-03-08 11:14,F99,home,1322,4,Kazan
96,2025-03-13 04:30,B07,books,1167,2,Ufa
94,2025-03-06 06:55,C02,sport,1447,1,Ekaterinburg
58,2025-03-18 12:13,E22,beauty,890,2,Moscow
93,2025-03-07 08:51,D14,toys,247,4,SPB
91,2025-03-01 23:59,F99,home,1212,2,Moscow
4,2025-03-21 05:42,G10,garden,1014,1,Rostov
29,2025-03-02 04:28,B07,books,662,2,Moscow
33,2025-03-20 22:21,C02,sport,208,3,Perm
28,2025-03-05 14:12,D14,toys,268,4,Ufa
2,2025-03-18 16:44,G10,garden,1133,3,Samara
54,2025-03-16 10:00,G10,garden,888,2,SPB
66,2025-03-19 10:14,B07,books,1269,3,Rostov
79,2025-03-05 12:48,E22,beauty,816,2,Ekaterinburg
77,2025-03-13 05:31,B07,books,94,4,SPB
64,2025-03-02 01:14,E22,beauty,442,1,SPB
51,2025-03-06 14:41,C02,sport,1451,4,SPB
10,2025-03-02 17:57,D14,toys,939,5,SPB
55,2025-03-06 14:45,C02,sport,283,1,Ekaterinburg
94,2025-03-02 18:30,A13,electronics,1119,1,SPB
50,2025-03-09 13:36,D14,toys,881,2,Perm
7,2025-03-03 19:12,B07,books,1320,4,SPB
88,2025-03-08 13:31,H55,kids,723,2,Moscow
53,2025-03-15 04:03,H55,kids,217,2,Kazan
95,2025-03-15 17:19,A13,electronics,1108,2,Ufa
19,2025-03-08 04:56,D14,toys,420,1,Ufa
24,2025-03-02 10:59,E22,beauty,616,2,Novosibirsk
90,2025-03-16 08:02,Q77,auto,255,1,Ufa
28,2025-03-08 09:31,F99,home,694,4,Rostov
7,2025-03-16 01:59,E22,beauty,1346,4,Ekaterinburg
27,2025-03-11 17:46,Q77,auto,1173,3,Moscow
75,2025-03-11 04:57,C02,sport,1080,2,SPB
42,2025-03-12 00:32,H55,kids,1189,5,Samara
51,2025-03-18 18:59,Q77,auto,374,1,SPB
58,2025-03-08 22:23,C02,sport,1109,1,SPB
49,2025-03-02 17:45,E22,beauty,222,1,Ufa
71,2025-03-05 11:52,D14,toys,1219,2,Ekaterinburg
15,2025-03-04 09:13,G10,garden,1360,4,Ufa
38,2025-03-06 18:02,B07,books,799,5,Ufa
31,2025-03-08 01:26,G10,garden,33,1,Ufa
41,2025-03-16 10:23,D14,toys,759,5,Kazan
6,2025-03-20 09:10,Q77,auto,1161,5,Moscow
89,2025-03-19 10:13,G10,garden,719,3,Ufa
95,2025-03-03 16:01,C02,sport,740,5,Novosibirsk
46,2025-03-02 10:08,Q77,auto,151,3,SPB
83,2025-03-07 22:54,B07,books,1004,5,Ufa
60,2025-03-01 16:32,E22,beauty,514,5,Ekaterinburg
3,2025-03-21 03:37,D14,toys,426,1,Moscow
86,2025-03-21 00:58,E22,beauty,1076,3,Ufa
86,2025-03-11 09:54,H55,kids,47,4,Moscow
44,2025-03-09 03:10,F99,home,501,3,Ekaterinburg
36,2025-03-09 05:19,C02,sport,150,3,SPB
30,2025-03-09 00:55,D14,toys,1152,4,Samara
60,2025-03-19 06:29,H55,kids,368,5,Ufa
87,2025-03-16 21:38,G10,garden,1288,3,Novosibirsk
27,2025-03-04 15:59,F99,home,505,5,Ufa
49,2025-03-08 23:58,Q77,auto,1088,1,SPB
52,2025-03-08 20:32,F99,home,960,1,SPB
75,2025-03-15 17:05,A13,electronics,271,5,Ufa
49,2025-03-08 17:31,F99,home,877,4,Novosibirsk
60,2025-03-11 18:20,B07,books,374,2,Ekaterinburg
6,2025-03-16 00:22,B07,books,1171,1,Perm
17,2025-03-10 20:08,F99,home,489,2,SPB
29,2025-03-18 04:14,A13,electronics,1420,3,Novosibirsk
85,2025-03-09 11:40,Q77,auto,1290,4,SPB
41,2025-03-15 05:17,E22,beauty,1164,4,Moscow
77,2025-03-02 19:47,F99,home,1055,3,Ekaterinburg
17,2025-03-02 07:11,E22,beauty,64,2,Perm
35,2025-03-09 09:08,B07,books,1442,3,Ufa
25,2025-03-21 04:40,B07,books,343,1,Perm
66,2025-03-03 22:23,H55,kids,298,1,Ekaterinburg
83,2025-03-19 12:57,Q77,auto,1035,2,Moscow
6,2025-03-08 13:55,B07,books,1128,3,Perm
22,2025-03-05 17:18,G10,garden,781,3,Ekaterinburg
25,2025-03-01 13:04,F99,home,1241,5,Kazan
61,2025-03-01 13:12,A13,electronics,1061,5,Moscow
70,2025-03-11 15:11,H55,kids,1177,3,Perm
13,2025-03-19 05:19,F99,home,686,2,Kazan
63,2025-03-16 21:42,Q77,auto,311,5,Moscow
99,2025-03-14 01:55,E22,beauty,630,2,Ekaterinburg
80,2025-03-17 08:13,F99,home,374,2,Moscow
57,2025-03-06 20:37,A13,electronics,567,3,SPB
59,2025-03-12 15:30,G10,garden,1369,3,Rostov
66,2025-03-12 11:44,B07,books,1283,1,Ekaterinburg
87,2025-03-05 16:43,C02,sport,400,1,Moscow
66,2025-03-17 23:03,C02,sport,607,3,Ufa
80,2025-03-17 00:13,D14,toys,161,1,Ufa
74,2025-03-13 11:07,F99,home,1085,2,Ufa
16,2025-03-12 22:21,C02,sport,913,1,Ufa
42,2025-03-20 03:00,Q77,auto,1437,4,Perm
67,2025-03-13 16:06,D14,toys,1196,4,SPB
5,2025-03-19 20:20,B07,books,1091,3,Samara
50,2025-03-09 07:37,F99,home,686,4,Rostov
98,2025-03-16 19:16,E22,beauty,221,1,Kazan
26,2025-03-18 14:18,C02,sport,370,1,Kazan
52,2025-03-08 02:49,Q77,auto,696,3,Perm
39,2025-03-07 00:32,C02,sport,344,5,Kazan
19,2025-03-18 03:53,Q77,auto,1090,4,Samara
53,2025-03-08 08:10,D14,toys,974,2,Moscow
67,2025-03-19 15:20,D14,toys,55,2,Ekaterinburg
78,2025-03-09 04:27,D14,toys,200,4,Kazan
86,2025-03-03 21:07,H55,kids,935,5,Kazan
85,2025-03-12 09:01,Q77,auto,1080,3,Moscow
62,2025-03-19 10:18,H55,kids,1353,4,Novosibirsk
92,2025-03-07 21:06,D14,toys,712,1,Samara
7,2025-03-10 02:59,D14,toys,1048,4,Rostov
28,2025-03-14 22:24,H55,kids,655,4,Moscow
28,2025-03-14 20:08,F99,home,396,2,Ufa
35,2025-03-06 06:37,E22,beauty,920,3,SPB
9,2025-03-04 06:51,C02,sport,566,4,Ufa
83,2025-03-08 21:46,F99,home,1040,2,Novosibirsk
30,2025-03-03 06:50,F99,home,939,4,Samara
96,2025-03-04 01:36,G10,garden,108,4,SPB
94,2025-03-08 04:58,G10,garden,297,5,Novosibirsk
11,2025-03-07 13:10,Q77,auto,1197,1,Novosibirsk
56,2025-03-15 00:33,A13,electronics,782,4,Moscow
58,2025-03-14 19:24,B07,books,1314,1,Ekaterinburg
98,2025-03-06 21:22,E22,beauty,988,2,Novosibirsk
27,2025-03-12 22:24,Q77,auto,853,3,Perm
23,2025-03-16 13:49,Q77,auto,453,2,Samara
77,2025-03-12 05:18,G10,garden,776,1,Ekaterinburg
71,2025-03-09 04:20,D14,toys,974,2,Kazan
16,2025-03-05 23:17,G10,garden,124,4,Novosibirsk
34,2025-03-20 02:41,G10,garden,225,4,Perm
27,2025-03-12 15:30,B07,books,330,2,Moscow
91,2025-03-02 00:44,F99,home,231,2,Perm
13,2025-03-07 13:47,E22,beauty,111,4,Novosibirsk
58,2025-03-14 01:50,D14,toys,62,5,Ufa
83,2025-03-03 04:11,C02,sport,748,5,Rostov
4,2025-03-18 06:53,Q77,auto,1474,4,Ekaterinburg
1,2025-03-09 14:07,F99,home,1086,5,Kazan
26,2025-03-18 21:48,E22,beauty,961,1,Ekaterinburg
77,2025-03-05 18:10,E22,beauty,204,4,Novosibirsk
2,2025-03-16 04:14,Q77,auto,1438,1,Moscow
38,2025-03-04 14:32,D14,toys,284,5,Moscow
2,2025-03-07 16:37,E22,beauty,1042,2,Ekaterinburg
72,2025-03-04 16:26,G10,garden,705,5,Kazan
14,2025-03-12 05:43,G10,garden,94,3,SPB
46,2025-03-02 00:02,C02,sport,599,5,Novosibirsk
66,2025-03-21 00:31,B07,books,1153,3,Ufa
37,2025-03-10 23:18,C02,sport,902,2,Novosibirsk
48,2025-03-13 20:52,G10,garden,1302,1,Kazan
86,2025-03-13 21:30,D14,toys,425,2,Rostov
62,2025-03-12 06:00,A13,electronics,613,1,Kazan
5,2025-03-03 22:27,G10,garden,624,5,Rostov
2,2025-03-06 04:10,B07,books,158,4,Kazan
28,2025-03-03 15:37,B07,books,1157,5,Ekaterinburg
62,2025-03-02 21:49,H55,kids,692,4,Perm
61,2025-03-09 23:22,A13,electronics,237,5,SPB
36,2025-03-05 02:40,F99,home,887,2,Rostov
18,2025-03-19 20:29,H55,kids,1090,2,Novosibirsk
53,2025-03-10 22:51,Q77,auto,1055,5,Samara
96,2025-03-12 16:15,B07,books,126,1,Ekaterinburg
63,2025-03-17 05:20,F99,home,1366,5,Kazan
86,2025-03-09 14:44,E22,beauty,1190,3,Samara
87,2025-03-15 11:01,B07,books,189,5,Ufa
60,2025-03-05 22:58,G10,garden,615,1,Novosibirsk
79,2025-03-07 07:11,Q77,auto,1462,1,SPB
18,2025-03-12 08:48,A13,electronics,1173,2,Ufa
13,2025-03-04 04:58,B07,books,1356,3,Kazan
41,2025-03-06 10:54,F99,home,1343,5,Rostov
15,2025-03-13 11:38,B07,books,1400,5,Ufa
79,2025-03-13 13:12,F99,home,649,4,Moscow
92,2025-03-11 17:38,H55,kids,158,1,Moscow
80,2025-03-15 00:42,E22,beauty,928,5,Samara
95,2025-03-05 21:15,C02,sport,764,3,Ufa
48,2025-03-16 03:15,G10,garden,1436,2,Moscow
5,2025-03-02 01:52,E22,beauty,782,5,Novosibirsk
99,2025-03-18 07:15,F99,home,640,5,Ekaterinburg
18,2025-03-09 08:27,H55,kids,201,3,Rostov
32,2025-03-18 06:26,A13,electronics,252,3,Novosibirsk
30,2025-03-12 23:38,B07,books,1237,2,SPB
69,2025-03-09 03:59,E22,beauty,324,1,Rostov
81,2025-03-17 21:52,C02,sport,166,1,SPB
20,2025-03-07 18:27,G10,garden,745,1,Ekaterinburg
36,2025-03-18 11:44,B07,books,374,5,Ufa
72,2025-03-14 07:28,E22,beauty,1239,1,Rostov
4,2025-03-12 02:29,G10,garden,1040,2,Rostov
27,2025-03-16 21:37,B07,books,714,5,Novosibirsk
32,2025-03-12 07:19,E22,beauty,700,3,Ufa
36,2025-03-11 09:18,A13,electronics,128,2,Rostov
82,2025-03-09 17:38,D14,toys,1079,1,Moscow
60,2025-03-14 11:41,H55,kids,1026,3,Kazan
100,2025-03-15 07:01,Q77,auto,1053,5,Kazan
5,2025-03-09 07:54,D14,toys,794,2,Perm
74,2025-03-16 03:39,C02,sport,1418,3,Samara
59,2025-03-08 21:42,A13,electronics,1102,2,Perm
4,2025-03-17 02:09,F99,home,1143,1,Moscow
9,2025-03-03 14:58,F99,home,623,5,Moscow
34,2025-03-15 22:23,E22,beauty,357,4,SPB
65,2025-03-16 02:20,D14,toys,1293,1,Perm
76,2025-03-14 11:57,E22,beauty,794,1,Novosibirsk
48,2025-03-18 08:55,B07,books,840,5,Perm
85,2025-03-03 23:33,C02,sport,1113,4,Kazan
56,2025-03-05 19:14,E22,beauty,1352,2,Perm
35,2025-03-11 19:16,F99,home,1426,5,Ekaterinburg
60,2025-03-18 17:34,F99,home,478,1,Perm
1,2025-03-18 17:19,C02,sport,304,1,Samara
76,2025-03-05 01:55,F99,home,410,4,Samara
67,2025-03-13 00:05,B07,books,1368,5,Samara
76,2025-03-05 01:54,H55,kids,109,3,SPB
78,2025-03-18 11:32,B07,books,246,2,Novosibirsk
53,2025-03-14 11:21,A13,electronics,1021,3,Moscow
84,2025-03-17 22:43,D14,toys,1313,5,Rostov
45,2025-03-02 15:12,B07,books,37,1,Ekaterinburg
19,2025-03-19 22:38,G10,garden,1241,4,Rostov
68,2025-03-12 11:08,E22,beauty,199,1,Rostov
84,2025-03-16 11:52,H55,kids,1440,2,Moscow
41,2025-03-18 09:26,D14,toys,835,5,SPB
14,2025-03-05 23:31,G10,garden,1473,1,Kazan
4,2025-03-02 10:24,E22,beauty,830,2,Perm
100,2025-03-13 20:12,F99,home,1230,5,SPB
70,2025-03-15 09:57,G10,garden,295,1,Perm
21,2025-03-01 09:47,Q77,auto,1232,2,Ekaterinburg
26,2025-03-19 20:15,Q77,auto,1336,3,Ufa
2,2025-03-01 10:05,E22,beauty,426,4,Perm
64,2025-03-12 16:57,C02,sport,1321,2,Perm
10,2025-03-16 16:01,A13,electronics,845,2,Ekaterinburg
20,2025-03-20 20:43,C02,sport,1206,3,Perm
50,2025-03-06 08:09,Q77,auto,1145,3,Novosibirsk
43,2025-03-02 07:50,B07,books,1245,3,Rostov
20,2025-03-11 18:38,F99,home,73,3,Novosibirsk
95,2025-03-18 02:47,D14,toys,880,3,Samara
28,2025-03-15 06:31,F99,home,127,4,Novosibirsk
22,2025-03-09 19:51,D14,toys,238,2,Novosibirsk
68,2025-03-11 04:11,B07,books,1345,2,Samara
30,2025-03-11 14:15,H55,kids,1372,3,Novosibirsk
94,2025-03-05 07:47,F99,home,801,4,Samara
59,2025-03-13 05:50,H55,kids,1432,5,Kazan
79,2025-03-16 22:08,H55,kids,913,3,Ekaterinburg
73,2025-03-10 03:11,H55,kids,1181,5,Ekaterinburg
1,2025-03-01 13:33,Q77,auto,322,3,Ekaterinburg
38,2025-03-03 02:35,G10,garden,1061,1,Samara
91,2025-03-06 15:43,E22,beauty,1405,3,Rostov
86,2025-03-17 02:23,G10,garden,957,2,Novosibirsk
83,2025-03-03 18:48,A13,electronics,1067,1,Moscow
34,2025-03-08 17:05,F99,home,1316,3,Samara
65,2025-03-14 12:14,Q77,auto,325,5,Ekaterinburg
98,2025-03-11 00:12,F99,home,267,4,Perm
98,2025-03-13 12:55,Q77,auto,753,3,SPB
29,2025-03-18 17:46,C02,sport,1129,4,Samara
25,2025-03-10 08:04,F99,home,701,1,Ekaterinburg
42,2025-03-14 04:43,G10,garden,723,3,Perm
64,2025-03-14 16:58,F99,home,287,3,SPB
23,2025-03-17 14:04,A13,electronics,25,4,SPB
99,2025-03-05 20:51,D14,toys,1094,5,Rostov
86,2025-03-10 18:16,F99,home,1280,1,Kazan
48,2025-03-03 04:22,D14,toys,1238,2,Perm
42,2025-03-11 22:30,Q77,auto,1041,1,Samara
88,2025-03-09 01:50,B07,books,1288,4,Ekaterinburg
80,2025-03-17 14:10,Q77,auto,1188,5,SPB
95,2025-03-19 11:55,D14,toys,1051,3,Ekaterinburg
46,2025-03-09 15:51,B07,books,161,5,Rostov
2,2025-03-12 08:05,E22,beauty,1497,4,Samara
67,2025-03-07 13:10,D14,toys,1184,3,Ufa
83,2025-03-20 22:22,C02,sport,364,2,Moscow
36,2025-03-09 23:14,F99,home,1087,4,Perm
59,2025-03-05 06:23,Q77,auto,462,4,Kazan
23,2025-03-14 22:46,F99,home,190,5,Moscow
40,2025-03-07 19:57,A13,electronics,256,1,Perm
72,2025-03-19 07:34,B07,books,308,3,Perm
62,2025-03-17 10:10,C02,sport,1222,3,Kazan
100,2025-03-02 17:08,B07,books,626,2,Kazan
48,2025-03-06 16:08,E22,beauty,772,3,Novosibirsk
6,2025-03-19 12:48,Q77,auto,932,3,Ufa
85,2025-03-06 20:03,F99,home,542,4,SPB
73,2025-03-08 02:14,F99,home,588,2,SPB
47,2025-03-10 00:14,A13,electronics,1041,4,Kazan
50,2025-03-15 05:56,E22,beauty,1237,5,Ufa
35,2025-03-21 05:37,H55,kids,534,3,Perm
34,2025-03-10 23:37,H55,kids,994,4,Moscow
63,2025-03-12 09:27,F99,home,48,1,Samara
18,2025-03-07 02:49,C02,sport,1347,3,Perm
33,2025-03-20 14:45,D14,toys,568,3,SPB
50,2025-03-06 03:12,F99,home,1328,5,Ufa
30,2025-03-08 16:59,D14,toys,1478,1,Rostov
1,2025-03-15 17:59,D14,toys,1335,4,Kazan
58,2025-03-04 18:01,C02,sport,626,1,Rostov
92,2025-03-08 20:17,H55,kids,285,5,Samara
57,2025-03-16 00:39,G10,garden,144,3,Kazan
30,2025-03-11 23:31,C02,sport,1361,3,Moscow
78,2025-03-09 15:04,B07,books,1218,3,Samara
7,2025-03-20 21:21,C02,sport,814,4,Ufa
34,2025-03-15 05:13,B07,books,1326,3,Samara
9,2025-03-05 14:02,G10,garden,683,1,Samara
98,2025-03-18 12:08,E22,beauty,1177,4,Novosibirsk
20,2025-03-10 00:21,F99,home,1188,1,Kazan
5,2025-03-21 00:46,D14,toys,912,1,Samara
35,2025-03-06 20:57,H55,kids,699,1,Novosibirsk
90,2025-03-18 06:05,C02,sport,30,1,Rostov
54,2025-03-17 15:21,H55,kids,474,1,Samara
11,2025-03-12 00:23,B07,books,332,3,Ekaterinburg
31,2025-03-04 01:51,C02,sport,474,1,Novosibirsk
41,2025-03-07 18:35,A13,electronics,836,2,Novosibirsk
49,2025-03-14 10:06,F99,home,1038,2,Novosibirsk
41,2025-03-12 19:57,A13,electronics,1465,2,Kazan
34,2025-03-19 03:40,E22,beauty,616,5,Rostov
29,2025-03-08 11:15,A13,electronics,613,4,Kazan
21,2025-03-21 06:59,Q77,auto,659,3,Ufa
64,2025-03-03 05:26,A13,electronics,1245,4,Kazan
9,2025-03-04 04:52,Q77,auto,991,2,Ekaterinburg
21,2025-03-03 18:36,C02,sport,793,2,Rostov
54,2025-03-19 14:10,G10,garden,178,3,Novosibirsk
97,2025-03-07 23:32,A13,electronics,501,1,Samara
11,2025-03-15 08:05,H55,kids,336,2,SPB
52,2025-03-13 05:04,E22,beauty,1004,5,Ufa
47,2025-03-20 11:46,Q77,auto,864,1,Perm
38,2025-03-13 00:07,H55,kids,198,4,Rostov
81,2025-03-18 16:36,F99,home,796,1,Kazan
94,2025-03-14 05:04,E22,beauty,823,4,Novosibirsk
34,2025-03-06 17:53,G10,garden,907,1,Ekaterinburg
16,2025-03-08 23:45,E22,beauty,33,5,Rostov
30,2025-03-21 05:55,D14,toys,700,1,Rostov
52,2025-03-15 07:59,C02,sport,1258,5,Moscow
51,2025-03-18 02:26,A13,electronics,1156,5,Kazan
56,2025-03-19 00:46,F99,home,165,4,Novosibirsk
100,2025-03-17 11:07,F99,home,76,5,Perm
93,2025-03-12 08:49,Q77,auto,704,4,Samara
35,2025-03-19 05:11,B07,books,843,2,Kazan
25,2025-03-20 12:53,E22,beauty,1395,4,Perm
6,2025-03-03 07:44,E22,beauty,684,4,Samara
2,2025-03-06 08:45,E22,beauty,91,5,Novosibirsk
73,2025-03-03 07:45,F99,home,796,5,Moscow
35,2025-03-03 21:40,H55,kids,871,3,Ufa
71,2025-03-10 00:18,C02,sport,480,3,Perm
68,2025-03-11 09:00,D14,toys,1289,4,Rostov
62,2025-03-07 06:27,D14,toys,736,5,Samara
42,2025-03-04 18:29,C02,sport,291,3,SPB
90,2025-03-02 05:55,F99,home,964,2,Samara
92,2025-03-21 00:22,D14,toys,1311,2,Kazan
83,2025-03-18 20:29,A13,electronics,1059,5,Samara
96,2025-03-20 06:24,H55,kids,202,1,Ufa
39,2025-03-07 15:52,F99,home,623,4,Perm
92,2025-03-18 15:04,H55,kids,242,2,Ufa
85,2025-03-18 09:24,G10,garden,435,4,Ufa
48,2025-03-13 23:41,F99,home,992,5,Moscow
68,2025-03-15 10:05,C02,sport,1091,2,SPB
86,2025-03-05 12:15,E22,beauty,1208,4,Ekaterinburg
87,2025-03-07 04:15,F99,home,745,3,Ufa
15,2025-03-10 05:55,G10,garden,1232,2,SPB
61,2025-03-13 14:49,G10,garden,334,2,Perm
94,2025-03-04 05:49,Q77,auto,1040,3,Perm
67,2025-03-04 11:29,F99,home,655,5,SPB
98,2025-03-20 09:58,B07,books,466,3,Rostov
44,2025-03-14 15:33,D14,toys,228,5,Perm
10,2025-03-01 13:04,A13,electronics,1248,4,Novosibirsk
4,2025-03-11 20:34,A13,electronics,43,3,Moscow
33,2025-03-19 21:41,E22,beauty,186,2,Novosibirsk
29,2025-03-09 23:34,A13,electronics,870,5,Novosibirsk
21,2025-03-15 14:00,E22,beauty,699,3,Kazan
85,2025-03-18 11:35,D14,toys,537,1,Ekaterinburg
97,2025-03-19 05:44,F99,home,34,4,Samara
17,2025-03-12 00:06,G10,garden,1043,5,Perm
56,2025-03-03 23:49,H55,kids,327,5,Rostov
68,2025-03-09 00:40,H55,kids,1159,1,Ekaterinburg
24,2025-03-21 03:22,C02,sport,1103,1,Perm
47,2025-03-20 13:51,C02,sport,1243,3,Ekaterinburg
77,2025-03-02 00:48,D14,toys,1366,1,Perm
84,2025-03-10 05:53,G10,garden,1159,5,Rostov
38,2025-03-03 06:24,G10,garden,758,5,Novosibirsk
62,2025-03-12 11:09,G10,garden,1053,5,Ufa
45,2025-03-10 08:54,D14,toys,408,3,Rostov
63,2025-03-19 06:15,A13,electronics,1343,1,Samara
64,2025-03-16 10:05,Q77,auto,1468,3,Ekaterinburg
6,2025-03-03 18:06,A13,electronics,723,3,Novosibirsk
31,2025-03-13 11:12,A13,electronics,712,1,Ekaterinburg
15,2025-03-02 05:10,B07,books,1294,3,Perm
27,2025-03-10 00:20,F99,home,672,1,Ekaterinburg
69,2025-03-02 12:08,E22,beauty,1382,4,Ekaterinburg
41,2025-03-12 16:52,D14,toys,1482,1,Ufa
46,2025-03-01 23:10,E22,beauty,985,2,Novosibirsk
36,2025-03-13 15:30,B07,books,921,4,Novosibirsk
57,2025-03-18 04:57,A13,electronics,1232,5,Ufa
16,2025-03-20 09:41,C02,sport,949,5,Ufa
77,2025-03-01 12:43,B07,books,1342,1,SPB
25,2025-03-03 16:25,C02,sport,756,4,Moscow
46,2025-03-02 14:07,A13,electronics,780,4,Kazan
73,2025-03-05 19:59,Q77,auto,1273,4,Perm
7,2025-03-10 11:51,B07,books,67,2,Novosibirsk
37,2025-03-01 11:44,Q77,auto,985,1,Perm
70,2025-03-11 20:18,A13,electronics,588,2,SPB
7,2025-03-01 09:14,E22,beauty,1075,4,Moscow
8,2025-03-13 10:17,E22,beauty,1191,1,Perm
40,2025-03-13 07:14,G10,garden,1282,3,SPB
35,2025-03-07 01:41,A13,electronics,756,4,Ekaterinburg
52,2025-03-11 14:53,G10,garden,1223,4,Kazan
63,2025-03-04 08:02,D14,toys,297,5,SPB
25,2025-03-07 21:29,G10,garden,1358,4,Kazan
22,2025-03-15 23:33,H55,kids,727,4,Rostov
90,2025-03-08 16:03,C02,sport,1337,4,Moscow
41,2025-03-05 18:25,H55,kids,1203,5,Ufa
75,2025-03-02 07:33,B07,books,1388,1,Samara
60,2025-03-13 10:59,H55,kids,589,4,Perm
86,2025-03-19 01:35,G10,garden,1278,1,Moscow
38,2025-03-05 13:02,A13,electronics,309,2,Samara
62,2025-03-17 21:03,E22,beauty,497,4,Ufa
54,2025-03-07 12:56,E22,beauty,1427,5,Samara
20,2025-03-15 19:35,H55,kids,28,4,Kazan
84,2025-03-10 17:36,G10,garden,1225,3,Perm
36,2025-03-12 23:24,A13,electronics,1338,4,Ufa
54,2025-03-19 09:31,D14,toys,1165,1,Ufa
71,2025-03-03 15:41,B07,books,442,4,Ufa
76,2025-03-08 05:52,E22,beauty,1189,5,Kazan
68,2025-03-09 16:02,G10,garden,692,3,Rostov
55,2025-03-19 13:13,B07,books,408,2,Rostov
55,2025-03-20 00:44,E22,beauty,735,1,Novosibirsk
78,2025-03-08 10:08,D14,toys,138,2,Novosibirsk
43,2025-03-19 12:22,F99,home,640,3,SPB
53,2025-03-11 14:56,D14,toys,96,1,Moscow
13,2025-03-09 01:40,D14,toys,1382,1,Kazan
86,2025-03-21 01:24,E22,beauty,1174,3,Novosibirsk
45,2025-03-11 10:45,A13,electronics,649,1,Rostov
73,2025-03-14 22:21,F99,home,873,3,Kazan
90,2025-03-17 04:48,D14,toys,1062,4,Moscow
44,2025-03-17 03:39,A13,electronics,513,4,Perm
58,2025-03-05 09:41,A13,electronics,639,1,Rostov
33,2025-03-06 21:18,C02,sport,179,4,Moscow
80,2025-03-16 06:26,C02,sport,1484,4,Samara
87,2025-03-17 22:22,Q77,auto,109,2,Samara
2,2025-03-03 12:44,Q77,auto,87,3,Ufa
36,2025-03-02 14:38,E22,beauty,1044,3,Moscow
45,2025-03-20 18:05,Q77,auto,1464,3,Rostov
50,2025-03-02 03:55,D14,toys,898,5,Kazan
8,2025-03-03 23:11,G10,garden,168,3,Samara
46,2025-03-10 06:47,E22,beauty,1364,2,Novosibirsk
85,2025-03-03 19:16,D14,toys,890,5,Ufa
35,2025-03-18 01:05,D14,toys,1025,4,Moscow
67,2025-03-05 08:26,Q77,auto,709,3,Kazan
1,2025-03-12 18:00,B07,books,392,5,Novosibirsk
56,2025-03-20 15:53,B07,books,42,3,Novosibirsk
48,2025-03-10 22:20,A13,electronics,1028,1,Samara
25,2025-03-05 07:17,G10,garden,1245,4,Ekaterinburg
90,2025-03-04 10:34,E22,beauty,447,2,Kazan
69,2025-03-03 07:55,E22,beauty,1208,5,Perm
62,2025-03-18 11:24,E22,beauty,363,5,Moscow
49,2025-03-15 05:32,E22,beauty,516,1,Perm
26,2025-03-01 17:46,E22,beauty,854,2,SPB
24,2025-03-12 12:02,B07,books,1397,5,Moscow
7,2025-03-20 02:48,G10,garden,407,4,Moscow
63,2025-03-07 12:19,G10,garden,1245,1,SPB
37,2025-03-18 15:01,H55,kids,262,5,Rostov
54,2025-03-10 02:55,F99,home,1444,3,SPB
8,2025-03-03 02:58,E22,beauty,118,1,Samara
91,2025-03-17 22:33,H55,kids,1196,5,Samara
55,2025-03-08 16:46,B07,books,857,2,Novosibirsk
36,2025-03-09 16:16,F99,home,253,5,SPB
83,2025-03-14 00:04,H55,kids,884,2,Kazan
13,2025-03-09 14:52,F99,home,137,2,Ekaterinburg
96,2025-03-15 08:58,E22,beauty,708,4,Ekaterinburg
19,2025-03-12 13:25,E22,beauty,1000,3,Ufa
34,2025-03-09 12:21,H55,kids,296,3,Rostov
22,2025-03-13 16:51,H55,kids,186,3,SPB
93,2025-03-09 05:17,E22,beauty,1379,1,Ufa
33,2025-03-13 02:23,A13,electronics,889,5,Samara
8,2025-03-15 08:16,A13,electronics,748,5,Rostov
71,2025-03-18 23:11,G10,garden,1098,4,Moscow
24,2025-03-19 21:18,F99,home,1199,2,Perm
90,2025-03-20 14:08,D14,toys,1075,4,Novosibirsk
19,2025-03-16 20:41,H55,kids,958,4,Ufa
65,2025-03-01 10:10,A13,electronics,32,2,Moscow
64,2025-03-14 10:56,D14,toys,1250,2,SPB
70,2025-03-18 06:16,F99,home,257,1,Moscow
49,2025-03-01 22:03,H55,kids,62,2,Ekaterinburg
47,2025-03-11 02:27,F99,home,202,5,Samara
51,2025-03-09 06:55,H55,kids,1110,3,Ufa
39,2025-03-14 15:20,F99,home,845,3,Kazan
32,2025-03-19 15:02,A13,electronics,1185,5,Ekaterinburg
24,2025-03-08 12:01,D14,toys,319,4,Perm
81,2025-03-15 01:22,G10,garden,945,3,Ufa
72,2025-03-16 21:56,C02,sport,1118,5,Ekaterinburg
54,2025-03-05 15:42,Q77,auto,1333,4,Rostov
26,2025-03-07 05:26,F99,home,941,4,Ekaterinburg
5,2025-03-14 16:42,H55,kids,596,2,Moscow
1,2025-03-12 05:00,G10,garden,751,1,Ekaterinburg
59,2025-03-13 00:16,B07,books,647,5,Kazan
68,2025-03-17 19:45,H55,kids,281,3,Rostov
60,2025-03-13 05:32,A13,electronics,1484,4,Ekaterinburg
8,2025-03-14 07:35,E22,beauty,322,2,SPB
100,2025-03-09 07:53,C02,sport,297,5,Perm
9,2025-03-05 21:22,B07,books,955,2,Moscow
46,2025-03-19 20:22,D14,toys,388,4,Ufa
17,2025-03-06 01:39,E22,beauty,634,4,Novosibirsk
90,2025-03-11 21:19,F99,home,181,3,Ekaterinburg
11,2025-03-15 06:39,E22,beauty,1193,1,Kazan
14,2025-03-02 22:33,F99,home,637,1,Moscow
24,2025-03-09 12:25,A13,electronics,929,4,Ekaterinburg
8,2025-03-01 17:27,A13,electronics,1168,3,Moscow
59,2025-03-18 04:40,G10,garden,512,3,Kazan
76,2025-03-20 17:57,D14,toys,522,2,Perm
50,2025-03-07 18:04,B07,books,1408,5,Novosibirsk
65,2025-03-15 19:28,H55,kids,1238,2,Ufa
41,2025-03-11 03:20,C02,sport,715,4,Samara
34,2025-03-08 23:53,G10,garden,167,5,Samara
7,2025-03-09 22:41,D14,toys,958,3,Ekaterinburg
45,2025-03-11 11:02,C02,sport,1245,5,Novosibirsk
39,2025-03-19 13:30,Q77,auto,152,2,Novosibirsk
51,2025-03-10 20:13,B07,books,1410,5,Novosibirsk
61,2025-03-18 11:53,F99,home,1012,2,Novosibirsk
2,2025-03-19 15:37,C02,sport,1441,3,Samara
75,2025-03-19 05:36,Q77,auto,1081,5,Novosibirsk
36,2025-03-03 21:35,A13,electronics,1345,5,Perm
5,2025-03-04 21:10,B07,books,443,4,Rostov
97,2025-03-04 19:44,G10,garden,130,1,Ufa
1,2025-03-18 07:15,Q77,auto,1223,3,SPB
66,2025-03-15 16:57,D14,toys,631,4,Perm
18,2025-03-12 08:55,G10,garden,1082,4,Moscow
62,2025-03-19 10:43,A13,electronics,726,3,Ufa
23,2025-03-18 19:47,H55,kids,1490,4,Ekaterinburg
96,2025-03-09 01:17,G10,garden,336,2,Novosibirsk
56,2025-03-08 16:46,Q77,auto,1040,2,Rostov
89,2025-03-21 03:22,C02,sport,1071,3,Ufa
11,2025-03-12 17:36,E22,beauty,139,3,SPB
19,2025-03-06 14:57,A13,electronics,569,3,Samara
71,2025-03-11 17:04,A13,electronics,733,5,Perm
57,2025-03-13 20:29,F99,home,1092,4,Moscow
81,2025-03-07 05:50,D14,toys,1480,4,Kazan
76,2025-03-15 16:19,H55,kids,163,3,Ekaterinburg
32,2025-03-19 16:08,C02,sport,216,4,Kazan
90,2025-03-17 05:25,H55,kids,536,5,Rostov
82,2025-03-04 09:26,Q77,auto,1374,1,SPB
64,2025-03-06 03:29,H55,kids,1069,2,Kazan
74,2025-03-21 03:19,D14,toys,1190,3,Ufa
19,2025-03-02 21:08,D14,toys,1029,1,Novosibirsk
20,2025-03-10 20:56,D14,toys,1430,1,SPB
81,2025-03-14 07:00,G10,garden,862,1,Novosibirsk
84,2025-03-03 12:32,Q77,auto,496,1,Moscow
56,2025-03-11 08:08,F99,home,993,4,Rostov
52,2025-03-16 15:45,E22,beauty,225,1,Kazan
57,2025-03-20 05:22,A13,electronics,1202,3,Ufa
90,2025-03-16 18:12,B07,books,898,3,Samara
16,2025-03-10 17:33,Q77,auto,1363,3,Samara
14,2025-03-09 12:01,C02,sport,903,3,Ufa
99,2025-03-21 01:04,H55,kids,356,2,Kazan
57,2025-03-05 22:59,B07,books,22,3,Novosibirsk
5,2025-03-08 16:23,Q77,auto,162,3,Kazan
23,2025-03-07 21:31,H55,kids,923,1,Perm
12,2025-03-13 13:53,Q77,auto,894,4,Perm
71,2025-03-10 05:15,E22,beauty,128,4,SPB
41,2025-03-11 01:44,B07,books,1450,5,Ekaterinburg
21,2025-03-21 05:51,B07,books,829,4,Rostov
28,2025-03-19 08:21,Q77,auto,1408,4,Novosibirsk
90,2025-03-02 06:15,A13,electronics,454,1,Rostov
100,2025-03-02 15:52,H55,kids,1301,5,Kazan
14,2025-03-10 01:10,A13,electronics,471,3,Novosibirsk
22,2025-03-21 00:35,D14,toys,686,1,Ufa
4,2025-03-13 22:13,H55,kids,116,4,SPB
78,2025-03-05 09:22,A13,electronics,310,3,Samara
85,2025-03-12 13:12,H55,kids,1263,5,Kazan
43,2025-03-01 17:56,C02,sport,1095,3,Kazan
71,2025-03-16 02:55,H55,kids,173,1,Perm
20,2025-03-03 00:27,E22,beauty,927,3,Rostov
5,2025-03-13 05:01,G10,garden,366,2,Moscow
39,2025-03-12 00:57,H55,kids,203,5,Samara
65,2025-03-03 20:04,E22,beauty,1496,3,Moscow
43,2025-03-05 11:58,H55,kids,677,4,SPB
15,2025-03-15 02:03,A13,electronics,988,4,Moscow
51,2025-03-18 04:42,Q77,auto,1007,3,Novosibirsk
44,2025-03-13 11:53,F99,home,726,2,Perm
92,2025-03-07 13:03,B07,books,947,4,Moscow
67,2025-03-03 01:34,F99,home,199,4,Samara
89,2025-03-11 03:10,C02,sport,77,5,Kazan
5,2025-03-11 12:37,F99,home,1305,3,Ufa
16,2025-03-12 14:44,D14,toys,145,5,Moscow
14,2025-03-12 20:52,F99,home,199,2,Moscow
56,2025-03-21 00:13,H55,kids,380,5,Perm
86,2025-03-01 13:45,G10,garden,675,5,Ufa
31,2025-03-03 22:22,Q77,auto,253,5,Ekaterinburg
4,2025-03-13 23:01,Q77,auto,133,5,Moscow
40,2025-03-15 07:46,F99,home,109,1,Perm
6,2025-03-19 12:33,F99,home,476,1,Novosibirsk
55,2025-03-09 20:46,G10,garden,303,3,Moscow
85,2025-03-06 02:59,C02,sport,940,2,Rostov
21,2025-03-18 11:07,A13,electronics,1151,5,Ufa
47,2025-03-07 02:15,Q77,auto,187,3,Novosibirsk
58,2025-03-05 01:27,C02,sport,931,5,Rostov
6,2025-03-04 06:23,C02,sport,1157,1,Ufa
11,2025-03-21 04:32,A13,electronics,1301,4,SPB
78,2025-03-16 02:51,F99,home,914,4,Kazan
81,2025-03-07 05:07,E22,beauty,1100,5,SPB
76,2025-03-07 19:44,F99,home,472,4,Rostov
96,2025-03-02 17:08,F99,home,308,4,Rostov
47,2025-03-09 04:07,B07,books,214,3,Perm
52,2025-03-12 00:42,E22,beauty,1249,3,SPB
56,2025-03-18 10:52,Q77,auto,1453,2,SPB
18,2025-03-09 05:11,Q77,auto,793,1,Ufa
47,2025-03-15 21:09,F99,home,340,5,Ufa
65,2025-03-13 15:43,D14,toys,961,4,Samara
37,2025-03-08 03:49,E22,beauty,194,3,Samara
71,2025-03-07 20:19,G10,garden,1059,2,Ekaterinburg
8,2025-03-14 03:57,C02,sport,770,1,SPB
49,2025-03-01 20:28,G10,garden,112,4,Moscow
32,2025-03-16 23:30,H55,kids,602,3,Samara
57,2025-03-14 00:07,E22,beauty,114,4,Ufa
42,2025-03-19 20:42,Q77,auto,255,5,Perm
92,2025-03-13 10:08,F99,home,979,1,SPB
22,2025-03-09 10:24,Q77,auto,780,3,Ekaterinburg
81,2025-03-05 19:27,C02,sport,1477,5,Rostov
76,2025-03-20 11:26,F99,home,1177,1,Novosibirsk
97,2025-03-07 04:43,E22,beauty,57,1,Samara
67,2025-03-12 19:38,F99,home,358,3,Rostov
92,2025-03-11 07:25,C02,sport,627,4,Novosibirsk
3,2025-03-04 11:26,A13,electronics,557,4,Moscow
1,2025-03-06 08:59,F99,home,611,4,Rostov
89,2025-03-17 18:14,F99,home,503,4,Moscow
21,2025-03-04 12:46,D14,toys,899,3,Perm
96,2025-03-08 02:04,B07,books,647,2,Ekaterinburg
15,2025-03-13 18:58,C02,sport,191,2,Perm
77,2025-03-03 03:57,H55,kids,1469,1,Kazan
54,2025-03-19 14:07,C02,sport,1465,3,Ekaterinburg
95,2025-03-11 20:09,G10,garden,1280,1,Moscow
6,2025-03-17 20:34,F99,home,987,5,Perm
30,2025-03-09 22:35,H55,kids,1339,5,Samara
44,2025-03-20 18:32,H55,kids,1335,2,Moscow
42,2025-03-15 08:13,A13,electronics,199,5,Rostov
64,2025-03-06 16:45,F99,home,132,2,Perm
100,2025-03-03 23:41,B07,books,1146,3,Samara
92,2025-03-15 21:03,C02,sport,1316,5,Ufa
73,2025-03-01 19:59,Q77,auto,1401,1,Moscow
39,2025-03-09 05:19,F99,home,1000,1,Rostov
99,2025-03-15 08:20,Q77,auto,1203,5,Novosibirsk
44,2025-03-10 06:20,A13,electronics,434,4,Novosibirsk
61,2025-03-03 21:34,E22,beauty,594,3,SPB
83,2025-03-11 17:51,C02,sport,1298,1,Novosibirsk
91,2025-03-07 01:23,G10,garden,1119,4,Rostov
23,2025-03-12 20:38,A13,electronics,326,4,Novosibirsk
96,2025-03-12 05:57,H55,kids,90,2,Rostov
72,2025-03-13 02:28,F99,home,272,5,Ekaterinburg
34,2025-03-04 14:19,C02,sport,175,4,SPB
67,2025-03-05 11:18,G10,garden,1103,3,Perm
41,2025-03-14 10:15,H55,kids,490,2,Samara
32,2025-03-14 07:58,C02,sport,974,5,Ekaterinburg
86,2025-03-17 00:12,G10,garden,1044,1,Rostov
25,2025-03-11 07:57,A13,electronics,1474,1,Samara
83,2025-03-01 17:00,A13,electronics,1390,4,Ekaterinburg
12,2025-03-06 01:45,G10,garden,213,4,Kazan
72,2025-03-05 05:28,Q77,auto,1203,4,Ekaterinburg
73,2025-03-17 02:28,B07,books,1151,5,Rostov
48,2025-03-19 20:34,E22,beauty,257,2,Samara
85,2025-03-18 23:11,E22,beauty,1149,1,Kazan
28,2025-03-19 08:32,A13,electronics,128,5,Rostov
86,2025-03-13 00:05,H55,kids,820,1,Novosibirsk
77,2025-03-20 20:43,A13,electronics,1378,1,Ekaterinburg
74,2025-03-20 19:04,H55,kids,1317,3,Novosibirsk
18,2025-03-15 15:33,A13,electronics,488,2,Ufa
54,2025-03-20 12:10,B07,books,453,3,Novosibirsk
96,2025-03-07 03:07,H55,kids,808,1,Moscow
88,2025-03-07 00:14,G10,garden,1362,1,Moscow
40,2025-03-17 18:30,C02,sport,1391,3,Novosibirsk
36,2025-03-13 12:23,E22,beauty,434,5,Rostov
73,2025-03-04 16:45,E22,beauty,755,5,Ekaterinburg
92,2025-03-20 19:38,C02,sport,833,3,Moscow
39,2025-03-18 07:57,G10,garden,669,1,SPB
72,2025-03-17 07:36,A13,electronics,320,4,Rostov
85,2025-03-05 14:33,G10,garden,585,4,Ufa
48,2025-03-14 23:02,F99,home,868,3,Rostov
82,2025-03-07 18:20,D14,toys,98,5,Samara
87,2025-03-18 04:10,E22,beauty,246,5,Samara
70,2025-03-13 11:09,F99,home,320,4,SPB
26,2025-03-15 11:03,Q77,auto,825,2,Rostov
48,2025-03-18 11:28,F99,home,857,1,Samara
4,2025-03-21 03:26,E22,beauty,634,5,Samara
64,2025-03-10 07:35,G10,garden,590,1,Samara
96,2025-03-13 08:32,C02,sport,520,2,Samara
20,2025-03-10 09:00,H55,kids,1049,2,Perm
52,2025-03-20 19:51,F99,home,769,2,Samara
64,2025-03-07 11:21,Q77,auto,234,4,Samara
6,2025-03-12 00:02,H55,kids,1227,3,Samara
6,2025-03-03 22:16,D14,toys,1154,4,Moscow
52,2025-03-12 16:20,D14,toys,1221,3,Novosibirsk
39,2025-03-14 04:15,E22,beauty,703,3,Kazan
18,2025-03-02 21:27,F99,home,230,2,Samara
90,2025-03-02 00:19,Q77,auto,379,2,Perm
14,2025-03-18 00:52,B07,books,779,2,Perm
64,2025-03-09 03:01,B07,books,61,3,Samara
49,2025-03-12 18:12,H55,kids,1390,3,Novosibirsk
42,2025-03-05 16:00,F99,home,84,2,Moscow
48,2025-03-10 14:13,A13,electronics,1093,3,Novosibirsk
18,2025-03-08 04:16,H55,kids,518,2,Perm
70,2025-03-07 01:12,D14,toys,731,4,Moscow
23,2025-03-18 06:14,H55,kids,875,3,Novosibirsk
52,2025-03-07 01:51,F99,home,1379,5,Ekaterinburg
62,2025-03-04 22:59,F99,home,791,4,Kazan
83,2025-03-10 15:45,C02,sport,53,3,Moscow
74,2025-03-04 08:38,G10,garden,175,2,Novosibirsk
63,2025-03-03 10:36,D14,toys,430,3,Ufa
2,2025-03-19 10:13,F99,home,439,5,Perm
72,2025-03-07 02:49,G10,garden,125,5,SPB
13,2025-03-20 00:09,D14,toys,1262,3,Novosibirsk
26,2025-03-17 10:45,E22,beauty,996,5,Ufa
53,2025-03-16 20:20,E22,beauty,1252,1,Moscow
59,2025-03-20 13:36,H55,kids,776,5,Novosibirsk
59,2025-03-16 10:24,F99,home,352,5,Samara
51,2025-03-19 14:25,C02,sport,378,1,Ekaterinburg
78,2025-03-14 00:28,D14,toys,184,3,Samara
78,2025-03-17 14:00,F99,home,1031,5,SPB
70,2025-03-09 07:46,B07,books,772,5,Perm
67,2025-03-01 20:49,G10,garden,498,3,SPB
28,2025-03-09 17:48,F99,home,581,2,Rostov
1,2025-03-04 08:33,Q77,auto,47,5,Rostov
51,2025-03-16 14:38,E22,beauty,1393,3,Ufa
24,2025-03-18 18:55,Q77,auto,1465,5,Novosibirsk
1,2025-03-05 19:56,H55,kids,1211,3,Perm
2,2025-03-02 09:07,B07,books,264,2,Ekaterinburg
99,2025-03-19 16:21,A13,electronics,326,5,Kazan
85,2025-03-18 19:45,Q77,auto,275,2,Rostov
55,2025-03-05 07:50,B07,books,1338,4,Rostov
20,2025-03-13 01:07,E22,beauty,1196,4,Ekaterinburg
10,2025-03-08 09:29,A13,electronics,1250,1,Moscow
8,2025-03-19 06:58,B07,books,801,1,Moscow
37,2025-03-20 06:30,H55,kids,285,4,Moscow
28,2025-03-02 16:45,E22,beauty,612,4,Moscow
51,2025-03-13 11:24,Q77,auto,908,1,SPB
100,2025-03-10 07:42,E22,beauty,1069,4,Samara
3,2025-03-18 10:46,B07,books,938,1,Perm
83,2025-03-18 22:06,H55,kids,332,3,Kazan
15,2025-03-05 16:07,F99,home,997,5,Rostov
76,2025-03-05 04:09,G10,garden,1000,5,Ekaterinburg
80,2025-03-04 12:18,C02,sport,607,3,SPB
23,2025-03-17 12:17,E22,beauty,1279,4,Kazan
11,2025-03-12 03:24,Q77,auto,469,5,Novosibirsk
86,2025-03-05 05:19,A13,electronics,695,2,Kazan
26,2025-03-12 02:27,H55,kids,536,3,Moscow
38,2025-03-13 18:58,F99,home,312,3,Ekaterinburg
73,2025-03-02 07:40,G10,garden,1219,2,SPB
68,2025-03-07 17:34,G10,garden,602,2,Novosibirsk
67,2025-03-11 23:06,F99,home,1046,2,Kazan
31,2025-03-05 21:16,E22,beauty,1368,1,Ekaterinburg
89,2025-03-07 10:15,F99,home,1115,2,Novosibirsk
24,2025-03-04 07:23,Q77,auto,1128,3,Ufa
48,2025-03-19 16:31,F99,home,1446,3,Kazan
51,2025-03-01 11:06,C02,sport,1041,4,Rostov
91,2025-03-10 21:27,G10,garden,529,5,Moscow
7,2025-03-07 23:21,D14,toys,500,3,Rostov
10,2025-03-17 06:14,F99,home,891,4,Rostov
80,2025-03-04 23:06,C02,sport,617,1,SPB
32,2025-03-17 06:44,C02,sport,720,4,Rostov
55,2025-03-05 06:36,B07,books,848,1,SPB
16,2025-03-16 09:09,F99,home,1422,4,Ufa
43,2025-03-06 12:48,F99,home,925,3,Samara
48,2025-03-03 04:11,D14,toys,1327,1,Samara
8,2025-03-18 13:09,C02,sport,879,4,Ekaterinburg
58,2025-03-14 04:02,B07,books,1445,1,Kazan
23,2025-03-10 04:54,H55,kids,699,1,Ekaterinburg
69,2025-03-10 08:57,E22,beauty,673,3,Ufa
80,2025-03-20 00:33,A13,electronics,187,1,Samara
15,2025-03-14 07:01,D14,toys,691,2,SPB
92,2025-03-10 03:30,F99,home,149,5,Rostov
23,2025-03-04 11:52,F99,home,1181,1,Rostov
43,2025-03-04 07:44,H55,kids,924,4,Kazan
27,2025-03-07 03:27,F99,home,72,2,SPB
18,2025-03-16 09:36,A13,electronics,157,4,Ekaterinburg
80,2025-03-12 22:17,B07,books,530,3,Ekaterinburg
91,2025-03-06 21:19,E22,beauty,128,1,Perm
55,2025-03-18 07:03,G10,garden,1120,1,Kazan
80,2025-03-12 11:56,A13,electronics,1119,1,Ekaterinburg
97,2025-03-15 20:10,G10,garden,847,5,Ufa
78,2025-03-07 08:41,E22,beauty,479,2,Moscow
35,2025-03-15 10:53,A13,electronics,1125,3,Rostov
28,2025-03-03 22:57,D14,toys,804,5,Samara
16,2025-03-09 07:58,G10,garden,978,4,Perm
51,2025-03-09 18:52,F99,home,635,1,Kazan
32,2025-03-11 22:51,B07,books,750,1,SPB
19,2025-03-06 10:16,E22,beauty,961,5,Ekaterinburg
7,2025-03-01 20:33,D14,toys,1273,4,Samara
50,2025-03-05 14:31,Q77,auto,1430,1,Kazan
95,2025-03-01 12:25,C02,sport,715,2,Moscow
26,2025-03-04 22:30,H55,kids,662,1,Ufa
92,2025-03-04 11:15,H55,kids,1392,3,Rostov
61,2025-03-06 04:20,D14,toys,289,2,Ekaterinburg
86,2025-03-17 16:14,B07,books,134,4,Moscow
76,2025-03-19 05:00,A13,electronics,491,4,Samara
45,2025-03-05 21:41,H55,kids,701,1,Rostov
21,2025-03-15 01:02,Q77,auto,1321,5,Ufa
95,2025-03-20 12:58,F99,home,1135,5,SPB
75,2025-03-13 20:52,A13,electronics,898,2,Rostov
68,2025-03-05 20:20,C02,sport,650,5,Moscow
10,2025-03-20 01:42,D14,toys,1394,4,Ekaterinburg
13,2025-03-06 15:48,H55,kids,137,3,Samara
5,2025-03-03 00:35,G10,garden,1269,4,Perm
70,2025-03-15 04:36,F99,home,1134,3,Ekaterinburg
71,2025-03-15 09:34,A13,electronics,95,3,Novosibirsk
93,2025-03-07 01:59,Q77,auto,272,3,Ufa
61,2025-03-06 05:03,E22,beauty,1444,2,Rostov
96,2025-03-10 21:55,A13,electronics,206,4,Novosibirsk
1,2025-03-18 00:22,E22,beauty,657,1,Samara
74,2025-03-20 07:02,B07,books,278,2,Kazan
95,2025-03-07 09:20,D14,toys,403,4,Rostov
63,2025-03-19 07:16,G10,garden,459,1,Samara
2,2025-03-13 11:32,H55,kids,759,1,Samara
3,2025-03-10 16:17,G10,garden,481,3,Ekaterinburg
2,2025-03-01 23:54,A13,electronics,419,2,Rostov
55,2025-03-14 08:08,G10,garden,334,4,Ufa
55,2025-03-17 20:36,E22,beauty,999,1,Ekaterinburg
25,2025-03-08 04:02,F99,home,735,3,Samara
63,2025-03-09 23:41,B07,books,797,1,SPB
4,2025-03-21 01:46,C02,sport,1222,1,Rostov
64,2025-03-13 02:43,Q77,auto,1387,2,Rostov
49,2025-03-11 21:37,F99,home,726,1,Rostov
9,2025-03-03 18:49,B07,books,1107,5,Rostov
31,2025-03-19 14:37,E22,beauty,1447,3,Samara
67,2025-03-06 22:10,Q77,auto,764,3,SPB
60,2025-03-03 09:14,C02,sport,636,1,Perm
33,2025-03-16 05:58,H55,kids,50,3,SPB
68,2025-03-14 21:02,D14,toys,81,2,Samara
59,2025-03-12 23:13,B07,books,793,1,Ufa
35,2025-03-15 01:55,H55,kids,1059,5,Kazan
56,2025-03-17 05:44,G10,garden,454,4,Perm
14,2025-03-14 05:25,C02,sport,1224,4,Samara
40,2025-03-18 23:57,D14,toys,1050,1,Novosibirsk
53,2025-03-02 11:53,E22,beauty,897,5,Novosibirsk
38,2025-03-03 08:46,D14,toys,924,1,SPB
65,2025-03-09 03:25,G10,garden,981,1,Kazan
63,2025-03-11 20:10,H55,kids,386,5,Novosibirsk
24,2025-03-15 11:37,D14,toys,269,3,Rostov
79,2025-03-14 02:42,B07,books,1120,2,SPB
16,2025-03-05 16:23,G10,garden,947,5,Kazan
64,2025-03-07 00:47,F99,home,1396,5,Moscow
28,2025-03-08 11:53,A13,electronics,141,3,Perm
99,2025-03-14 06:06,E22,beauty,1304,2,Samara
9,2025-03-10 07:27,H55,kids,1363,4,Novosibirsk
81,2025-03-07 02:58,B07,books,333,3,Ekaterinburg
8,2025-03-20 17:07,D14,toys,182,2,Samara
43,2025-03-13 17:51,E22,beauty,1246,5,Perm
14,2025-03-04 22:05,A13,electronics,1004,1,Perm
77,2025-03-13 10:06,Q77,auto,117,1,Samara
25,2025-03-15 07:09,Q77,auto,128,3,Samara
34,2025-03-19 18:27,G10,garden,318,4,Rostov
70,2025-03-03 01:56,H55,kids,438,1,SPB
51,2025-03-17 03:17,F99,home,920,5,Kazan
16,2025-03-07 04:29,G10,garden,731,2,Perm
47,2025-03-06 23:36,G10,garden,190,2,Perm
59,2025-03-18 09:15,B07,books,41,5,Ekaterinburg
57,2025-03-08 09:26,E22,beauty,1317,2,SPB
61,2025-03-20 01:50,E22,beauty,1090,3,Ekaterinburg
65,2025-03-20 12:46,B07,books,313,1,Rostov
13,2025-03-09 23:01,A13,electronics,1082,5,Novosibirsk
16,2025-03-04 22:58,B07,books,877,5,Perm
88,2025-03-19 19:34,C02,sport,1100,4,Moscow
12,2025-03-03 10:39,H55,kids,641,3,Moscow
52,2025-03-08 07:21,D14,toys,1175,2,Ekaterinburg
13,2025-03-12 02:52,F99,home,716,3,Ufa
16,2025-03-13 00:36,H55,kids,39,1,Novosibirsk
56,2025-03-20 06:55,Q77,auto,90,4,Moscow
92,2025-03-01 18:30,B07,books,1403,3,Perm
28,2025-03-19 09:22,H55,kids,333,4,Ufa
85,2025-03-16 09:30,C02,sport,406,5,Moscow
41,2025-03-13 03:15,Q77,auto,961,5,Perm
81,2025-03-19 12:26,B07,books,1021,3,Moscow
36,2025-03-03 11:15,F99,home,982,3,Ekaterinburg
66,2025-03-12 12:37,D14,toys,731,5,Perm
17,2025-03-02 03:52,F99,home,776,3,Ekaterinburg
14,2025-03-06 09:49,D14,toys,1090,4,Perm
12,2025-03-07 03:49,D14,toys,982,4,Rostov
61,2025-03-20 08:38,H55,kids,1391,2,Moscow
51,2025-03-08 03:07,B07,books,1073,5,Ekaterinburg
79,2025-03-02 04:03,F99,home,560,1,SPB
78,2025-03-09 09:54,Q77,auto,619,5,Samara
5,2025-03-08 20:15,E22,beauty,1453,2,Ufa
67,2025-03-07 07:34,F99,home,180,1,Novosibirsk
28,2025-03-13 17:04,D14,toys,1077,1,Novosibirsk
5,2025-03-20 20:33,H55,kids,1201,5,Samara
86,2025-03-18 05:31,F99,home,939,2,Perm
67,2025-03-18 07:44,D14,toys,159,5,Samara
11,2025-03-10 14:55,G10,garden,952,5,Rostov
11,2025-03-11 14:00,Q77,auto,1017,1,Rostov
11,2025-03-15 19:07,E22,beauty,332,4,Moscow
82,2025-03-14 13:07,G10,garden,152,3,Ekaterinburg
53,2025-03-14 12:43,H55,kids,131,2,Ufa
72,2025-03-17 07:30,G10,garden,380,3,Novosibirsk
17,2025-03-18 18:40,A13,electronics,1200,1,Kazan
99,2025-03-12 17:14,A13,electronics,660,4,Samara
6,2025-03-03 20:32,H55,kids,658,1,Novosibirsk
61,2025-03-05 01:58,A13,electronics,379,3,Moscow
12,2025-03-01 10:28,Q77,auto,73,3,SPB
99,2025-03-07 12:38,Q77,auto,1234,3,Ekaterinburg
82,2025-03-21 01:51,F99,home,1021,3,Ekaterinburg
56,2025-03-20 10:45,H55,kids,1044,4,Novosibirsk
58,2025-03-11 22:01,B07,books,926,1,Samara
10,2025-03-15 23:32,F99,home,939,4,Novosibirsk
29,2025-03-17 19:00,A13,electronics,757,3,Ekaterinburg
16,2025-03-10 20:58,G10,garden,551,3,Ufa
59,2025-03-08 15:09,A13,electronics,1149,1,Kazan
51,2025-03-01 12:03,A13,electronics,1104,2,Novosibirsk
46,2025-03-21 05:56,Q77,auto,789,2,SPB
81,2025-03-07 07:05,D14,toys,1191,5,Ekaterinburg
92,2025-03-05 01:20,B07,books,1147,1,Ekaterinburg
23,2025-03-11 08:17,A13,electronics,269,3,Ekaterinburg
84,2025-03-08 08:48,E22,beauty,47,4,Rostov
11,2025-03-07 23:45,H55,kids,950,5,Perm
82,2025-03-09 02:20,B07,books,1384,1,Samara
1,2025-03-15 17:02,A13,electronics,657,3,Rostov
93,2025-03-14 09:30,Q77,auto,1027,3,Ekaterinburg
99,2025-03-05 17:20,H55,kids,361,3,SPB
46,2025-03-04 05:37,D14,toys,512,1,Samara
44,2025-03-02 13:16,C02,sport,400,2,Novosibirsk
11,2025-03-13 11:57,D14,toys,1285,4,Ekaterinburg
54,2025-03-10 06:06,H55,kids,1236,1,Rostov
69,2025-03-10 21:50,D14,toys,1306,1,Ufa
99,2025-03-01 08:39,E22,beauty,991,4,Moscow
94,2025-03-06 17:50,E22,beauty,996,5,Ufa
78,2025-03-14 13:10,G10,garden,521,2,Perm
4,2025-03-14 05:06,H55,kids,1391,4,Samara
99,2025-03-07 08:12,F99,home,493,4,Kazan
54,2025-03-06 12:54,C02,sport,1089,3,Ekaterinburg
10,2025-03-03 11:05,E22,beauty,750,2,Perm
63,2025-03-06 05:50,H55,kids,649,5,Kazan
65,2025-03-20 17:34,B07,books,1278,2,Ekaterinburg
94,2025-03-08 00:55,A13,electronics,30,5,Moscow
88,2025-03-06 06:15,G10,garden,433,2,Ekaterinburg
35,2025-03-12 07:32,B07,books,1039,4,Samara
58,2025-03-04 12:20,E22,beauty,131,1,SPB
67,2025-03-04 01:16,E22,beauty,593,5,Ufa
39,2025-03-05 13:49,E22,beauty,736,1,Novosibirsk
28,2025-03-12 21:27,C02,sport,310,3,Moscow
91,2025-03-13 11:34,A13,electronics,983,1,Ufa
100,2025-03-16 15:45,B07,books,696,2,Rostov
43,2025-03-04 07:26,F99,home,202,5,SPB
38,2025-03-15 11:21,H55,kids,1296,4,Perm
49,2025-03-12 15:24,C02,sport,262,4,Moscow
10,2025-03-08 00:50,D14,toys,93,1,Novosibirsk
69,2025-03-13 08:18,C02,sport,933,5,Moscow
64,2025-03-16 16:25,Q77,auto,675,5,SPB
29,2025-03-03 10:21,E22,beauty,1190,1,Moscow
12,2025-03-05 10:57,E22,beauty,1273,3,Rostov
91,2025-03-10 09:01,F99,home,341,4,Kazan
72,2025-03-10 05:46,A13,electronics,994,3,Ufa
31,2025-03-02 22:13,D14,toys,1169,1,Perm
28,2025-03-12 20:31,A13,electronics,1464,1,Perm
26,2025-03-04 15:16,E22,beauty,1285,3,SPB
14,2025-03-17 14:46,Q77,auto,378,3,Kazan
91,2025-03-04 05:52,A13,electronics,755,3,SPB
52,2025-03-03 04:50,A13,electronics,548,4,Perm
56,2025-03-09 15:10,F99,home,1024,5,Perm
82,2025-03-18 13:48,B07,books,400,5,Samara
28,2025-03-15 08:07,E22,beauty,1289,2,Perm
95,2025-03-17 21:42,E22,beauty,907,5,Ufa
82,2025-03-04 19:10,F99,home,1278,1,Ufa
65,2025-03-13 10:43,A13,electronics,1324,3,Ekaterinburg
57,2025-03-08 13:20,E22,beauty,512,3,Novosibirsk
22,2025-03-13 16:06,H55,kids,150,1,Moscow
87,2025-03-20 20:25,E22,beauty,106,1,Ekaterinburg
98,2025-03-13 06:54,A13,electronics,1061,3,Kazan
27,2025-03-05 17:07,E22,beauty,95,2,SPB
15,2025-03-07 07:30,C02,sport,492,3,Rostov
76,2025-03-21 00:42,G10,garden,831,3,SPB
28,2025-03-19 16:50,C02,sport,96,2,Ekaterinburg
27,2025-03-10 13:36,H55,kids,1195,5,Kazan
24,2025-03-02 20:25,G10,garden,1357,3,Moscow
37,2025-03-15 20:40,E22,beauty,68,3,Ufa
7,2025-03-11 15:50,E22,beauty,1020,4,Rostov
78,2025-03-05 16:29,D14,toys,997,5,Rostov
54,2025-03-11 22:52,Q77,auto,1023,1,Kazan
5,2025-03-05 18:09,H55,kids,1087,5,Novosibirsk
74,2025-03-18 12:45,H55,kids,1146,2,Perm
85,2025-03-13 03:35,G10,garden,1407,4,Kazan
83,2025-03-17 23:16,F99,home,43,1,Novosibirsk
42,2025-03-03 09:28,H55,kids,54,3,Rostov
48,2025-03-10 11:35,G10,garden,297,2,Perm
7,2025-03-16 04:49,B07,books,97,3,SPB
93,2025-03-12 00:43,B07,books,1328,3,Rostov
53,2025-03-17 03:36,B07,books,1075,2,Moscow
2,2025-03-17 01:50,Q77,auto,766,3,SPB
16,2025-03-16 10:09,B07,books,1375,4,Ekaterinburg
97,2025-03-17 23:35,A13,electronics,667,5,Samara
81,2025-03-17 10:18,F99,home,494,1,Rostov
94,2025-03-14 13:08,A13,electronics,269,3,Novosibirsk
38,2025-03-19 15:02,F99,home,1013,2,Moscow
39,2025-03-05 03:25,B07,books,1326,4,Perm
75,2025-03-01 21:08,G10,garden,690,1,SPB
67,2025-03-04 08:01,E22,beauty,231,3,Perm
65,2025-03-01 20:28,B07,books,971,5,Moscow
1,2025-03-07 04:22,A13,electronics,1211,1,Perm
96,2025-03-19 11:12,B07,books,620,3,Rostov
42,2025-03-21 05:06,E22,beauty,20,4,Samara
72,2025-03-15 11:09,E22,beauty,1062,5,Perm
34,2025-03-18 16:29,Q77,auto,1133,5,Ufa
86,2025-03-08 12:38,D14,toys,189,3,SPB
81,2025-03-03 20:56,A13,electronics,1387,3,SPB
83,2025-03-11 16:24,H55,kids,1262,4,Rostov
85,2025-03-03 04:34,D14,toys,368,2,Samara
57,2025-03-05 09:19,G10,garden,1137,3,Rostov
15,2025-03-14 16:33,G10,garden,697,3,Novosibirsk
95,2025-03-20 08:38,G10,garden,790,2,SPB
5,2025-03-01 08:05,Q77,auto,171,5,Moscow
99,2025-03-19 18:43,G10,garden,263,2,Rostov
58,2025-03-20 11:47,A13,electronics,790,5,Ufa
34,2025-03-19 01:49,F99,home,1260,2,Moscow
64,2025-03-08 20:35,H55,kids,222,4,Novosibirsk
55,2025-03-03 14:10,E22,beauty,314,1,Samara
44,2025-03-05 04:46,A13,electronics,564,2,Rostov
97,2025-03-16 06:55,C02,sport,1433,3,Ufa
65,2025-03-12 06:49,E22,beauty,289,1,Ekaterinburg
79,2025-03-11 12:08,G10,garden,1260,3,Samara
60,2025-03-11 04:36,F99,home,276,2,Rostov
23,2025-03-02 17:03,D14,toys,1199,4,SPB
37,2025-03-10 19:34,H55,kids,771,4,Ufa
54,2025-03-11 14:15,B07,books,1222,2,Perm
41,2025-03-15 18:36,E22,beauty,678,5,Perm
36,2025-03-20 14:43,G10,garden,486,1,Kazan
25,2025-03-17 08:37,C02,sport,776,4,Ufa
1,2025-03-20 20:57,A13,electronics,1387,2,Moscow
49,2025-03-08 16:53,C02,sport,624,2,Novosibirsk
72,2025-03-02 08:20,A13,electronics,574,2,Samara
96,2025-03-05 15:45,G10,garden,511,1,Samara
75,2025-03-05 19:56,C02,sport,1356,4,Moscow
36,2025-03-20 14:47,Q77,auto,1235,5,Novosibirsk
48,2025-03-07 12:29,H55,kids,1175,2,Samara
77,2025-03-03 17:55,G10,garden,814,5,Ufa
87,2025-03-08 14:55,B07,books,1452,2,Moscow
96,2025-03-03 15:51,Q77,auto,904,2,Kazan
32,2025-03-06 01:11,D14,toys,1437,2,Ekaterinburg
8,2025-03-03 17:42,F99,home,1186,5,SPB
58,2025-03-14 14:55,H55,kids,1206,3,SPB
47,2025-03-12 00:28,A13,electronics,28,1,Ufa
98,2025-03-06 03:02,A13,electronics,309,5,Kazan
43,2025-03-05 14:45,D14,toys,113,2,Ufa
30,2025-03-06 14:16,G10,garden,48,3,SPB
2,2025-03-08 15:14,E22,beauty,1457,5,Moscow
35,2025-03-11 23:16,A13,electronics,1443,4,Rostov
36,2025-03-12 10:13,C02,sport,1373,1,Moscow
88,2025-03-16 18:12,Q77,auto,962,1,Novosibirsk
10,2025-03-03 18:22,D14,toys,1346,3,Ekaterinburg
14,2025-03-18 06:08,B07,books,703,4,Perm
32,2025-03-16 22:11,G10,garden,45,5,Samara
60,2025-03-17 19:21,E22,beauty,293,3,Novosibirsk
1,2025-03-06 07:19,B07,books,209,3,SPB
28,2025-03-16 08:38,D14,toys,984,3,Ufa
30,2025-03-08 18:01,E22,beauty,1013,2,Moscow
93,2025-03-13 18:02,E22,beauty,101,4,Perm
32,2025-03-19 12:19,C02,sport,433,1,SPB
55,2025-03-21 00:29,A13,electronics,254,5,Moscow
2,2025-03-16 22:49,B07,books,518,1,Moscow
79,2025-03-01 22:54,Q77,auto,735,3,Perm
82,2025-03-10 12:49,B07,books,968,5,Rostov
60,2025-03-15 20:05,C02,sport,88,3,Samara
79,2025-03-03 20:48,A13,electronics,99,1,Perm
21,2025-03-04 04:00,G10,garden,1320,3,Ekaterinburg
73,2025-03-14 21:36,C02,sport,1385,3,Ekaterinburg
41,2025-03-15 12:26,C02,sport,1425,5,Rostov
71,2025-03-07 17:32,A13,electronics,699,5,Ekaterinburg
89,2025-03-20 15:41,B07,books,214,2,Perm
90,2025-03-10 12:39,E22,beauty,193,3,Ekaterinburg
75,2025-03-09 18:32,Q77,auto,167,2,Moscow
5,2025-03-19 10:26,B07,books,1245,5,Samara
65,2025-03-07 06:57,H55,kids,732,3,Samara
95,2025-03-01 11:37,D14,toys,1470,2,Perm
52,2025-03-02 05:20,Q77,auto,1345,1,SPB
69,2025-03-07 00:59,H55,kids,1085,5,Rostov
76,2025-03-19 14:45,A13,electronics,761,1,Novosibirsk
78,2025-03-08 01:34,F99,home,1143,1,Ekaterinburg
99,2025-03-10 11:46,H55,kids,284,2,Novosibirsk
80,2025-03-03 21:53,G10,garden,210,5,Rostov
88,2025-03-03 03:13,E22,beauty,255,3,Ekaterinburg
29,2025-03-11 15:55,D14,toys,876,3,Kazan
30,2025-03-15 06:17,C02,sport,705,5,Rostov
93,2025-03-16 18:19,G10,garden,480,3,Novosibirsk
12,2025-03-05 01:53,F99,home,299,4,Kazan
49,2025-03-05 07:17,F99,home,884,4,Samara
57,2025-03-06 03:18,D14,toys,996,1,Rostov
2,2025-03-11 15:27,A13,electronics,882,1,Rostov
10,2025-03-12 06:43,C02,sport,888,1,SPB
89,2025-03-03 06:42,F99,home,86,3,Rostov
60,2025-03-12 08:54,G10,garden,674,1,Kazan
53,2025-03-14 08:25,F99,home,1366,4,Moscow
98,2025-03-06 10:39,Q77,auto,307,4,Ekaterinburg
43,2025-03-19 01:19,E22,beauty,775,3,Novosibirsk
68,2025-03-05 14:03,E22,beauty,909,2,SPB
34,2025-03-02 23:47,Q77,auto,1458,1,Rostov
72,2025-03-02 22:53,D14,toys,789,1,Moscow
47,2025-03-04 06:05,F99,home,1097,5,Novosibirsk
83,2025-03-04 13:27,C02,sport,1366,4,Kazan
52,2025-03-06 16:44,H55,kids,1489,1,Perm
23,2025-03-03 12:15,H55,kids,1486,2,Perm
10,2025-03-21 01:10,B07,books,1320,5,Rostov
33,2025-03-06 17:09,D14,toys,1327,4,Ekaterinburg
32,2025-03-19 06:11,G10,garden,1359,5,Moscow
94,2025-03-02 06:31,A13,electronics,818,3,Moscow
43,2025-03-14 08:14,Q77,auto,1404,3,Perm
31,2025-03-07 14:15,B07,books,1102,2,Samara
3,2025-03-14 10:38,D14,toys,1080,4,Ufa
23,2025-03-03 22:55,C02,sport,950,4,Kazan
34,2025-03-03 05:40,Q77,auto,1181,5,Moscow
1,2025-03-11 14:58,G10,garden,33,1,Kazan
16,2025-03-11 21:11,H55,kids,1242,1,Rostov
49,2025-03-14 15:48,B07,books,905,4,Samara
37,2025-03-02 17:13,E22,beauty,82,3,Novosibirsk
33,2025-03-20 06:18,D14,toys,369,5,Perm
22,2025-03-07 06:42,A13,electronics,354,2,Ekaterinburg
60,2025-03-12 07:09,C02,sport,1147,2,Samara
46,2025-03-18 23:53,B07,books,855,1,Ufa
10,2025-03-18 12:28,Q77,auto,837,3,Rostov
62,2025-03-14 00:12,D14,toys,988,3,Novosibirsk
25,2025-03-12 22:37,E22,beauty,891,5,Rostov
92,2025-03-14 10:45,Q77,auto,960,1,Perm
89,2025-03-13 11:58,E22,beauty,790,3,Rostov
17,2025-03-08 23:20,F99,home,1114,5,Perm
89,2025-03-15 07:47,D14,toys,106,5,Perm
80,2025-03-08 18:36,C02,sport,418,1,Kazan
100,2025-03-03 13:39,Q77,auto,995,1,Rostov
99,2025-03-04 15:20,C02,sport,675,4,Perm
50,2025-03-16 12:22,E22,beauty,816,1,Moscow
19,2025-03-07 11:02,F99,home,1327,1,SPB
4,2025-03-15 10:38,A13,electronics,1195,3,Ekaterinburg
72,2025-03-16 09:11,A13,electronics,209,5,Rostov
57,2025-03-19 15:54,C02,sport,482,3,Moscow
2,2025-03-02 07:42,F99,home,786,3,Perm
94,2025-03-09 20:30,H55,kids,1015,3,Perm
73,2025-03-01 13:00,B07,books,349,1,Kazan
28,2025-03-16 05:53,D14,toys,101,2,Novosibirsk
72,2025-03-10 07:02,D14,toys,1417,2,Ufa
93,2025-03-10 18:04,Q77,auto,1384,1,Ufa
83,2025-03-07 03:36,Q77,auto,353,4,Novosibirsk
35,2025-03-15 17:58,C02,sport,987,5,Ekaterinburg
23,2025-03-01 16:39,G10,garden,121,5,Perm
63,2025-03-13 11:07,B07,books,1291,1,Ufa
78,2025-03-08 11:11,G10,garden,1388,1,SPB
72,2025-03-03 18:59,E22,beauty,525,5,Kazan
24,2025-03-06 10:19,H55,kids,1133,2,SPB
52,2025-03-14 01:11,E22,beauty,1349,3,SPB
18,2025-03-08 12:25,H55,kids,638,4,Kazan
38,2025-03-20 11:30,G10,garden,631,4,Novosibirsk
18,2025-03-06 18:30,C02,sport,1413,1,Perm
50,2025-03-03 10:14,B07,books,604,2,Samara
10,2025-03-11 06:30,D14,toys,74,1,Moscow
5,2025-03-07 21:51,E22,beauty,909,4,Novosibirsk
35,2025-03-03 15:04,F99,home,659,1,Novosibirsk
36,2025-03-19 21:38,E22,beauty,1068,3,SPB
68,2025-03-12 13:22,Q77,auto,1045,1,Ufa
66,2025-03-02 08:38,E22,beauty,723,4,Rostov
89,2025-03-05 12:44,C02,sport,677,4,Rostov
37,2025-03-16 17:39,E22,beauty,759,3,Rostov
58,2025-03-05 19:07,C02,sport,1154,2,SPB
46,2025-03-12 20:26,D14,toys,634,3,Ufa
56,2025-03-18 14:39,Q77,auto,1424,1,Samara
77,2025-03-02 15:23,B07,books,980,3,SPB
96,2025-03-04 21:48,H55,kids,472,4,Novosibirsk
73,2025-03-06 01:05,G10,garden,570,5,Rostov
29,2025-03-12 11:03,A13,electronics,132,1,Novosibirsk
89,2025-03-13 07:24,A13,electronics,147,1,Kazan
91,2025-03-19 11:20,E22,beauty,1011,5,SPB
14,2025-03-10 20:25,E22,beauty,90,3,Perm
39,2025-03-03 08:09,H55,kids,470,5,Kazan
23,2025-03-11 02:06,H55,kids,992,5,Perm
71,2025-03-11 00:58,A13,electronics,938,4,SPB
25,2025-03-18 17:20,H55,kids,1367,2,Kazan
65,2025-03-06 20:18,C02,sport,1102,5,Ekaterinburg
87,2025-03-03 04:57,Q77,auto,192,2,Samara
84,2025-03-08 10:42,A13,electronics,604,2,Samara
57,2025-03-09 13:53,C02,sport,670,4,SPB
89,2025-03-15 22:10,D14,toys,830,3,Moscow
13,2025-03-15 14:54,C02,sport,217,4,Kazan
47,2025-03-06 15:05,F99,home,897,4,Ekaterinburg
25,2025-03-12 00:36,B07,books,408,2,Perm
69,2025-03-01 22:54,Q77,auto,1426,5,Moscow
76,2025-03-19 19:57,A13,electronics,1047,1,SPB
68,2025-03-05 08:47,A13,electronics,779,1,Rostov
90,2025-03-06 13:28,E22,beauty,87,1,Rostov
57,2025-03-04 12:54,D14,toys,487,4,Ekaterinburg
87,2025-03-06 19:25,C02,sport,1211,4,Samara
41,2025-03-09 09:21,A13,electronics,267,2,Ufa
18,2025-03-14 17:30,F99,home,195,4,Perm
25,2025-03-12 23:19,C02,sport,65,4,Samara
62,2025-03-06 07:41,D14,toys,643,4,Ekaterinburg
19,2025-03-11 09:29,D14,toys,1139,4,SPB
90,2025-03-11 15:08,C02,sport,1373,3,SPB
12,2025-03-11 16:38,F99,home,284,1,Samara
14,2025-03-03 12:57,G10,garden,1401,1,Ekaterinburg
2,2025-03-08 23:01,B07,books,358,3,Kazan
15,2025-03-18 08:23,F99,home,33,2,Perm
51,2025-03-01 20:08,B07,books,484,4,Kazan
30,2025-03-09 01:58,B07,books,1257,1,Rostov
87,2025-03-12 01:34,Q77,auto,162,4,Perm
8,2025-03-16 06:35,H55,kids,346,1,Novosibirsk
69,2025-03-18 18:25,D14,toys,1399,4,SPB
18,2025-03-01 08:25,B07,books,430,2,Perm
18,2025-03-03 14:39,C02,sport,692,3,Ekaterinburg
26,2025-03-20 11:08,B07,books,814,4,Perm
35,2025-03-20 21:42,H55,kids,533,2,Rostov
48,2025-03-05 18:51,F99,home,737,3,Ufa
49,2025-03-18 17:20,H55,kids,1470,4,Ekaterinburg
2,2025-03-14 04:10,H55,kids,722,4,Rostov
79,2025-03-15 01:02,C02,sport,711,1,Rostov
33,2025-03-05 16:03,A13,electronics,341,1,Kazan
49,2025-03-04 13:06,E22,beauty,822,5,Kazan
90,2025-03-02 19:01,C02,sport,36,1,Perm
38,2025-03-18 16:48,B07,books,972,2,Novosibirsk
53,2025-03-08 18:38,H55,kids,360,1,Kazan
71,2025-03-21 04:39,Q77,auto,346,4,Rostov
56,2025-03-04 08:49,A13,electronics,462,2,Novosibirsk
86,2025-03-16 00:57,D14,toys,486,4,Novosibirsk
31,2025-03-09 23:15,E22,beauty,1192,1,Moscow
27,2025-03-17 10:04,B07,books,667,4,Perm
42,2025-03-13 04:25,C02,sport,1168,3,Moscow
17,2025-03-17 05:41,H55,kids,593,3,Perm
82,2025-03-19 10:28,C02,sport,1481,4,Ekaterinburg
4,2025-03-04 23:14,F99,home,22,4,Ufa
59,2025-03-06 01:47,A13,electronics,1196,1,Perm
88,2025-03-01 12:00,Q77,auto,272,5,Ekaterinburg
98,2025-03-08 03:27,G10,garden,856,5,Novosibirsk
63,2025-03-20 11:05,C02,sport,36,5,Novosibirsk
50,2025-03-10 21:08,G10,garden,1178,3,Ekaterinburg
27,2025-03-15 11:56,A13,electronics,86,4,Kazan
72,2025-03-19 10:35,C02,sport,1346,1,Samara
52,2025-03-13 09:59,E22,beauty,1144,5,Kazan
2,2025-03-15 16:53,Q77,auto,94,5,Samara
78,2025-03-08 13:31,G10,garden,1241,3,SPB
21,2025-03-06 01:03,C02,sport,379,3,SPB
45,2025-03-05 17:45,B07,books,967,3,Rostov
59,2025-03-19 00:54,B07,books,1479,2,Kazan
4,2025-03-14 19:04,D14,toys,876,3,Samara
89,2025-03-10 18:06,F99,home,1080,1,Ufa
34,2025-03-09 23:31,E22,beauty,627,3,Ekaterinburg
68,2025-03-14 02:34,G10,garden,797,3,Rostov
52,2025-03-04 18:28,A13,electronics,39,4,SPB
80,2025-03-12 21:25,E22,beauty,479,4,Ufa
10,2025-03-14 23:47,B07,books,679,3,Kazan
35,2025-03-19 19:46,B07,books,1455,2,Novosibirsk
83,2025-03-02 05:05,Q77,auto,370,4,Ekaterinburg
41,2025-03-19 00:17,Q77,auto,1042,5,Novosibirsk
31,2025-03-07 16:23,B07,books,281,3,Samara
86,2025-03-02 18:25,E22,beauty,336,1,Samara
75,2025-03-14 23:28,B07,books,442,5,Ufa
51,2025-03-02 16:48,E22,beauty,313,3,SPB
24,2025-03-11 21:46,C02,sport,204,5,Samara
7,2025-03-02 16:25,H55,kids,1048,3,SPB
81,2025-03-01 22:52,Q77,auto,1406,4,Ekaterinburg
71,2025-03-05 10:21,B07,books,297,2,Perm
26,2025-03-03 08:45,H55,kids,1150,3,Samara
83,2025-03-11 08:50,D14,toys,555,5,Novosibirsk
42,2025-03-05 20:48,A13,electronics,1086,5,Samara
71,2025-03-14 19:33,D14,toys,977,5,Samara
88,2025-03-18 01:51,E22,beauty,334,3,Kazan
46,2025-03-19 19:28,H55,kids,663,3,Novosibirsk
15,2025-03-13 17:49,B07,books,401,2,Kazan
45,2025-03-16 18:57,C02,sport,698,4,Ekaterinburg
3,2025-03-07 22:44,E22,beauty,455,2,Ekaterinburg
8,2025-03-21 07:37,B07,books,1277,2,SPB
4,2025-03-10 07:39,A13,electronics,1269,3,Samara
79,2025-03-04 13:16,H55,kids,1497,5,Moscow
37,2025-03-08 17:28,A13,electronics,1042,3,Novosibirsk
7,2025-03-09 04:52,A13,electronics,798,5,Novosibirsk
94,2025-03-12 02:08,Q77,auto,40,4,Ufa
14,2025-03-17 20:48,E22,beauty,119,1,Moscow
92,2025-03-08 18:30,G10,garden,1230,4,Ufa
78,2025-03-04 19:49,C02,sport,879,3,Ekaterinburg
62,2025-03-13 02:35,C02,sport,861,3,Perm
79,2025-03-13 19:04,A13,electronics,1320,4,SPB
28,2025-03-05 11:46,B07,books,1137,1,Moscow
36,2025-03-04 05:30,A13,electronics,353,3,Ufa
85,2025-03-21 02:31,A13,electronics,1294,3,Perm
92,2025-03-13 20:35,F99,home,418,2,Samara
33,2025-03-07 07:59,G10,garden,222,2,Ufa
58,2025-03-16 07:44,E22,beauty,245,3,Samara
26,2025-03-20 22:48,B07,books,1073,4,Ekaterinburg
55,2025-03-19 19:01,A13,electronics,1458,5,Rostov
19,2025-03-03 16:05,D14,toys,445,5,Kazan
93,2025-03-06 05:17,D14,toys,1047,3,Samara
67,2025-03-09 17:55,C02,sport,1029,4,Perm
50,2025-03-11 17:43,B07,books,1001,4,Perm
50,2025-03-13 23:15,E22,beauty,1454,5,Kazan
34,2025-03-02 16:10,F99,home,669,3,Ufa
69,2025-03-14 07:35,G10,garden,913,2,Perm
54,2025-03-04 15:48,B07,books,841,4,Perm
46,2025-03-20 19:12,E22,beauty,1383,3,Ufa
8,2025-03-18 22:27,C02,sport,331,2,Perm
57,2025-03-15 18:29,C02,sport,560,5,Rostov
73,2025-03-04 01:39,A13,electronics,908,4,SPB
17,2025-03-02 06:07,G10,garden,489,1,Perm
98,2025-03-16 04:26,Q77,auto,1164,2,SPB
62,2025-03-07 20:56,H55,kids,1172,1,Ekaterinburg
56,2025-03-15 21:51,G10,garden,1270,2,Moscow
35,2025-03-15 16:33,C02,sport,616,3,Rostov
85,2025-03-19 07:56,F99,home,388,2,Moscow
6,2025-03-06 15:09,C02,sport,1172,4,Ufa
82,2025-03-04 05:01,D14,toys,1390,2,Rostov
19,2025-03-11 08:42,F99,home,339,4,Samara
62,2025-03-04 10:01,A13,electronics,901,1,Rostov
1,2025-03-08 18:46,C02,sport,355,3,Rostov
13,2025-03-04 01:02,G10,garden,255,1,Ufa
35,2025-03-08 04:28,F99,home,371,2,Ufa
36,2025-03-11 14:25,D14,toys,341,5,Kazan
17,2025-03-08 20:18,H55,kids,636,3,Ufa
61,2025-03-09 20:19,D14,toys,571,2,SPB
93,2025-03-10 08:41,D14,toys,629,3,Novosibirsk
41,2025-03-14 20:48,F99,home,1072,5,SPB
74,2025-03-04 18:56,H55,kids,528,1,Kazan
52,2025-03-19 03:36,G10,garden,612,4,Moscow
10,2025-03-12 02:06,H55,kids,878,3,Ekaterinburg
25,2025-03-02 09:25,E22,beauty,1185,5,Novosibirsk
62,2025-03-06 08:22,F99,home,56,2,Kazan
73,2025-03-11 04:06,C02,sport,1449,5,Ekaterinburg
79,2025-03-13 23:00,B07,books,1327,3,Moscow
10,2025-03-11 22:59,Q77,auto,700,3,Novosibirsk
87,2025-03-10 08:02,H55,kids,1257,3,Novosibirsk
44,2025-03-06 02:31,A13,electronics,1156,2,Ekaterinburg
85,2025-03-05 17:00,F99,home,940,5,Perm
82,2025-03-17 14:26,A13,electronics,1287,2,Novosibirsk
36,2025-03-04 04:45,Q77,auto,412,5,Kazan
48,2025-03-01 23:31,Q77,auto,644,4,Novosibirsk
68,2025-03-10 19:05,D14,toys,200,5,Kazan
47,2025-03-07 18:09,G10,garden,241,4,Ekaterinburg
26,2025-03-15 21:00,G10,garden,477,4,Ufa
53,2025-03-13 18:04,F99,home,1409,4,Samara
5,2025-03-09 23:00,A13,electronics,836,2,Perm
87,2025-03-10 14:18,Q77,auto,1207,5,Perm
90,2025-03-06 21:16,G10,garden,312,3,Ufa
6,2025-03-07 02:00,E22,beauty,1184,1,Rostov
97,2025-03-08 19:58,D14,toys,1394,5,Moscow
25,2025-03-02 14:40,E22,beauty,1282,4,Perm
91,2025-03-16 14:40,Q77,auto,1332,1,Novosibirsk
3,2025-03-04 04:22,F99,home,1444,3,SPB
1,2025-03-17 01:57,D14,toys,550,1,Perm
95,2025-03-13 01:43,H55,kids,311,4,Moscow
42,2025-03-08 18:28,F99,home,1471,2,Ekaterinburg
9,2025-03-03 03:07,D14,toys,684,3,Moscow
8,2025-03-17 04:56,D14,toys,927,3,Samara
63,2025-03-11 23:31,H55,kids,914,1,Ekaterinburg
61,2025-03-10 03:43,C02,sport,1007,4,Ufa
28,2025-03-13 00:49,D14,toys,628,1,Rostov
93,2025-03-13 11:52,F99,home,843,2,Ekaterinburg
74,2025-03-20 20:16,Q77,auto,910,3,Kazan
48,2025-03-04 18:05,F99,home,406,4,Samara
17,2025-03-10 05:48,Q77,auto,623,1,Ekaterinburg
64,2025-03-09 19:14,H55,kids,852,3,Ekaterinburg
36,2025-03-13 11:03,G10,garden,1496,1,Kazan
71,2025-03-10 18:41,E22,beauty,322,5,Ekaterinburg
95,2025-03-15 19:56,D14,toys,1345,2,SPB
86,2025-03-03 22:47,E22,beauty,771,4,Samara
84,2025-03-10 03:41,F99,home,599,2,Rostov
35,2025-03-12 03:47,F99,home,543,4,Ufa
41,2025-03-02 03:50,D14,toys,707,2,Moscow
70,2025-03-20 16:49,H55,kids,1207,4,SPB
11,2025-03-08 23:25,A13,electronics,1468,1,Kazan
7,2025-03-05 22:02,D14,toys,373,1,Samara
11,2025-03-17 19:55,E22,beauty,845,3,Rostov
14,2025-03-19 18:18,G10,garden,1479,3,Novosibirsk
74,2025-03-05 13:49,E22,beauty,1230,3,Rostov
30,2025-03-08 01:54,F99,home,822,5,Ufa
87,2025-03-12 10:23,G10,garden,180,5,Rostov
93,2025-03-04 06:01,Q77,auto,583,4,Ufa
36,2025-03-20 09:07,H55,kids,1358,4,Perm
54,2025-03-17 12:43,Q77,auto,1365,2,Moscow
40,2025-03-05 16:23,G10,garden,1443,5,Rostov
16,2025-03-15 13:50,H55,kids,317,3,Ekaterinburg
94,2025-03-05 13:33,G10,garden,1341,3,SPB
22,2025-03-12 11:39,Q77,auto,1455,5,Novosibirsk
56,2025-03-15 14:17,B07,books,1495,4,Perm
20,2025-03-01 18:06,B07,books,217,3,Rostov
62,2025-03-10 00:34,A13,electronics,1151,3,Rostov
82,2025-03-08 12:55,H55,kids,647,2,Samara
4,2025-03-10 08:32,Q77,auto,586,1,SPB
59,2025-03-05 14:38,C02,sport,707,2,Novosibirsk
55,2025-03-07 19:00,H55,kids,550,4,Ufa
60,2025-03-16 11:23,D14,toys,247,4,Novosibirsk
15,2025-03-05 15:42,D14,toys,854,3,Rostov
47,2025-03-19 06:19,F99,home,471,1,Perm
7,2025-03-09 16:59,A13,electronics,739,1,Ekaterinburg
81,2025-03-13 16:56,H55,kids,423,4,SPB
14,2025-03-12 10:26,C02,sport,1381,3,Ekaterinburg
51,2025-03-10 02:07,G10,garden,442,2,Perm
73,2025-03-05 07:49,F99,home,1490,3,Kazan
65,2025-03-08 20:14,D14,toys,1223,2,Ufa
65,2025-03-15 11:19,D14,toys,1127,2,Ufa
81,2025-03-17 00:58,F99,home,1237,4,Ekaterinburg
52,2025-03-18 03:59,B07,books,716,3,SPB
53,2025-03-20 01:23,H55,kids,316,4,Moscow
33,2025-03-12 10:05,C02,sport,636,1,Ekaterinburg
17,2025-03-18 18:28,D14,toys,357,5,Perm
65,2025-03-07 10:40,E22,beauty,300,4,Rostov
40,2025-03-02 14:21,E22,beauty,1340,1,SPB
94,2025-03-03 01:52,D14,toys,1376,1,Rostov
21,2025-03-06 00:27,E22,beauty,205,1,Novosibirsk
81,2025-03-12 11:15,H55,kids,977,1,SPB
49,2025-03-20 17:44,H55,kids,1135,1,Kazan
67,2025-03-11 04:27,C02,sport,1245,1,Samara
35,2025-03-17 14:31,H55,kids,746,5,Ufa
93,2025-03-19 05:49,B07,books,1322,1,Perm
9,2025-03-05 13:30,F99,home,622,4,Moscow
90,2025-03-04 02:43,D14,toys,1447,3,Novosibirsk
72,2025-03-15 04:50,Q77,auto,630,4,SPB
21,2025-03-18 15:11,F99,home,808,5,Rostov
68,2025-03-13 12:20,H55,kids,525,2,Ufa
67,2025-03-12 13:37,E22,beauty,1259,5,Samara
34,2025-03-13 16:36,C02,sport,244,1,Perm
55,2025-03-07 23:56,D14,toys,555,4,Ufa
37,2025-03-15 20:44,G10,garden,816,1,Kazan
4,2025-03-18 20:38,D14,toys,1011,5,Ekaterinburg
10,2025-03-11 05:25,B07,books,391,2,Novosibirsk
17,2025-03-13 01:23,Q77,auto,331,2,Ufa
3,2025-03-19 03:17,Q77,auto,1242,2,Ufa
25,2025-03-08 00:38,C02,sport,1306,3,Ufa
43,2025-03-16 05:18,D14,toys,564,3,Ekaterinburg
77,2025-03-12 08:55,A13,electronics,509,4,Samara
31,2025-03-12 18:47,E22,beauty,502,4,Rostov
21,2025-03-20 20:36,H55,kids,124,3,Kazan
98,2025-03-07 16:19,A13,electronics,125,1,Moscow
11,2025-03-09 09:00,Q77,auto,76,2,Perm
41,2025-03-17 02:15,G10,garden,1246,2,Moscow
78,2025-03-10 09:49,F99,home,889,5,Novosibirsk
74,2025-03-13 04:15,F99,home,805,1,Moscow
95,2025-03-09 23:29,H55,kids,844,3,Kazan
92,2025-03-19 11:49,B07,books,705,4,Kazan
54,2025-03-20 11:36,B07,books,257,5,Ekaterinburg
25,2025-03-14 23:37,H55,kids,185,1,Perm
58,2025-03-09 22:08,C02,sport,598,3,SPB
1,2025-03-09 06:42,A13,electronics,110,4,Ufa
21,2025-03-01 18:01,Q77,auto,783,3,SPB
55,2025-03-04 20:12,B07,books,288,1,Kazan
68,2025-03-21 03:37,C02,sport,478,1,Samara
59,2025-03-19 08:47,C02,sport,1256,1,Kazan
16,2025-03-01 09:48,E22,beauty,30,2,Ufa
99,2025-03-16 20:40,G10,garden,374,1,Perm
37,2025-03-04 22:13,G10,garden,259,4,Kazan
57,2025-03-09 02:39,E22,beauty,1180,2,Kazan
46,2025-03-09 13:13,Q77,auto,653,5,Rostov
77,2025-03-07 09:27,F99,home,1494,3,SPB
66,2025-03-17 20:54,G10,garden,613,4,Moscow
60,2025-03-20 10:39,G10,garden,810,5,Samara
91,2025-03-09 04:25,F99,home,202,1,Samara
72,2025-03-05 16:31,C02,sport,350,5,Perm
53,2025-03-06 23:54,A13,electronics,951,2,Novosibirsk
16,2025-03-17 22:58,H55,kids,870,3,Samara
21,2025-03-09 16:34,F99,home,758,4,Perm
51,2025-03-03 14:40,C02,sport,1210,3,Perm
